osm_id,name,latitude,longitude,fuel_type,price_usd_per_gallon,eia_reference_price,synthetic_delta,eia_date,price_source,osm_url
node/193206617,Mountain View Arco,37.4060647,-122.0784260,diesel,8.525,8.246,+0.279,2026-09-21,synthetic_from_eia,https://www.openstreetmap.org/node/193206617
node/193206617,Mountain View Arco,37.4060647,-122.0784260,midgrade,5.326,6.276,-0.950,2026-09-21,synthetic_from_eia,https://www.openstreetmap.org/node/193206617
node/193206617,Mountain View Arco,37.4060647,-122.0784260,premium,6.019,6.469,-0.450,2026-09-21,synthetic_from_eia,https://www.openstreetmap.org/node/193206617
node/193206617,Mountain View Arco,37.4060647,-122.0784260,regular,5.449,6.003,-0.554,2026-09-21,synthetic_from_eia,https://www.openstreetmap.org/node/193206617
node/314532190,Rotten Robbie #31,37.0210099,-121.5694170,diesel,8.719,8.246,+0.473,2026-09-21,synthetic_from_eia,https://www.openstreetmap.org/node/314532190
node/314532190,Rotten Robbie #31,37.0210099,-121.5694170,midgrade,6.629,6.276,+0.353,2026-09-21,synthetic_from_eia,https://www.openstreetmap.org/node/314532190
node/314532190,Rotten Robbie #31,37.0210099,-121.5694170,premium,7.253,6.469,+0.784,2026-09-21,synthetic_from_eia,https://www.openstreetmap.org/node/314532190
node/314532190,Rotten Robbie #31,37.0210099,-121.5694170,regular,5.177,6.003,-0.826,2026-09-21,synthetic_from_eia,https://www.openstreetmap.org/node/314532190
node/321938942,Golden Eagle,37.1248933,-121.6501720,midgrade,6.120,6.276,-0.156,2026-09-21,synthetic_from_eia,https://www.openstreetmap.org/node/321938942
node/321938942,Golden Eagle,37.1248933,-121.6501720,premium,5.529,6.469,-0.940,2026-09-21,synthetic_from_eia,https://www.openstreetmap.org/node/321938942
node/321938942,Golden Eagle,37.1248933,-121.6501720,regular,5.440,6.003,-0.563,2026-09-21,synthetic_from_eia,https://www.openstreetmap.org/node/321938942
node/330362638,Chevron,34.1030456,-118.0739490,diesel,8.257,8.246,+0.011,2026-09-21,synthetic_from_eia,https://www.openstreetmap.org/node/330362638
node/330364040,76,34.1225451,-118.0732800,diesel,7.299,8.246,-0.947,2026-09-21,synthetic_from_eia,https://www.openstreetmap.org/node/330364040
node/330364040,76,34.1225451,-118.0732800,premium,5.867,6.469,-0.602,2026-09-21,synthetic_from_eia,https://www.openstreetmap.org/node/330364040
node/331093454,(unnamed),37.1445217,-121.6651215,premium,6.769,6.469,+0.300,2026-09-21,synthetic_from_eia,https://www.openstreetmap.org/node/331093454
node/331093454,(unnamed),37.1445217,-121.6651215,regular,6.093,6.003,+0.090,2026-09-21,synthetic_from_eia,https://www.openstreetmap.org/node/331093454
node/401461448,Valero,36.9622061,-122.0452790,diesel,7.687,8.246,-0.559,2026-09-21,synthetic_from_eia,https://www.openstreetmap.org/node/401461448
node/401461448,Valero,36.9622061,-122.0452790,regular,6.182,6.003,+0.179,2026-09-21,synthetic_from_eia,https://www.openstreetmap.org/node/401461448
node/454068859,Mega Fuel,32.8322424,-117.1633920,diesel,8.865,8.246,+0.619,2026-09-21,synthetic_from_eia,https://www.openstreetmap.org/node/454068859
node/474210323,76,36.9316142,-121.7698186,diesel,7.259,8.246,-0.987,2026-09-21,synthetic_from_eia,https://www.openstreetmap.org/node/474210323
node/474210323,76,36.9316142,-121.7698186,midgrade,6.888,6.276,+0.612,2026-09-21,synthetic_from_eia,https://www.openstreetmap.org/node/474210323
node/474210323,76,36.9316142,-121.7698186,premium,6.865,6.469,+0.396,2026-09-21,synthetic_from_eia,https://www.openstreetmap.org/node/474210323
node/474210323,76,36.9316142,-121.7698186,regular,5.684,6.003,-0.319,2026-09-21,synthetic_from_eia,https://www.openstreetmap.org/node/474210323
node/494397512,G&M Oil Company #75,34.1611268,-118.3299080,diesel,7.557,8.246,-0.689,2026-09-21,synthetic_from_eia,https://www.openstreetmap.org/node/494397512
node/494397512,G&M Oil Company #75,34.1611268,-118.3299080,midgrade,7.190,6.276,+0.914,2026-09-21,synthetic_from_eia,https://www.openstreetmap.org/node/494397512
node/494397512,G&M Oil Company #75,34.1611268,-118.3299080,premium,6.142,6.469,-0.327,2026-09-21,synthetic_from_eia,https://www.openstreetmap.org/node/494397512
node/494397512,G&M Oil Company #75,34.1611268,-118.3299080,regular,5.188,6.003,-0.815,2026-09-21,synthetic_from_eia,https://www.openstreetmap.org/node/494397512
node/518286853,Mobil,34.1109548,-117.5750480,diesel,7.439,8.246,-0.807,2026-09-21,synthetic_from_eia,https://www.openstreetmap.org/node/518286853
node/529129957,ARCO,36.7215741,-121.6643489,midgrade,6.971,6.276,+0.695,2026-09-21,synthetic_from_eia,https://www.openstreetmap.org/node/529129957
node/529129957,ARCO,36.7215741,-121.6643489,premium,6.676,6.469,+0.207,2026-09-21,synthetic_from_eia,https://www.openstreetmap.org/node/529129957
node/529129957,ARCO,36.7215741,-121.6643489,regular,6.617,6.003,+0.614,2026-09-21,synthetic_from_eia,https://www.openstreetmap.org/node/529129957
node/565329530,Shell,34.0358721,-118.0380970,diesel,8.705,8.246,+0.459,2026-09-21,synthetic_from_eia,https://www.openstreetmap.org/node/565329530
node/580751414,Chevron,34.0514917,-117.9990780,diesel,8.318,8.246,+0.072,2026-09-21,synthetic_from_eia,https://www.openstreetmap.org/node/580751414
node/580751561,Shell,34.0348258,-117.9752700,diesel,9.192,8.246,+0.946,2026-09-21,synthetic_from_eia,https://www.openstreetmap.org/node/580751561
node/582842774,Arco,34.0190321,-118.1704600,diesel,8.003,8.246,-0.243,2026-09-21,synthetic_from_eia,https://www.openstreetmap.org/node/582842774
node/588191797,Shell,34.0765628,-117.5507210,diesel,8.350,8.246,+0.104,2026-09-21,synthetic_from_eia,https://www.openstreetmap.org/node/588191797
node/588191815,Chevron,34.0767726,-117.5458820,diesel,8.905,8.246,+0.659,2026-09-21,synthetic_from_eia,https://www.openstreetmap.org/node/588191815
node/596524679,Top Fuel,32.6071800,-117.0661890,diesel,8.483,8.246,+0.237,2026-09-21,synthetic_from_eia,https://www.openstreetmap.org/node/596524679
node/596524679,Top Fuel,32.6071800,-117.0661890,midgrade,6.999,6.276,+0.723,2026-09-21,synthetic_from_eia,https://www.openstreetmap.org/node/596524679
node/596524679,Top Fuel,32.6071800,-117.0661890,premium,6.624,6.469,+0.155,2026-09-21,synthetic_from_eia,https://www.openstreetmap.org/node/596524679
node/596524679,Top Fuel,32.6071800,-117.0661890,regular,6.412,6.003,+0.409,2026-09-21,synthetic_from_eia,https://www.openstreetmap.org/node/596524679
node/596740440,Shell,32.6287990,-117.0462480,midgrade,5.368,6.276,-0.908,2026-09-21,synthetic_from_eia,https://www.openstreetmap.org/node/596740440
node/596740440,Shell,32.6287990,-117.0462480,premium,5.925,6.469,-0.544,2026-09-21,synthetic_from_eia,https://www.openstreetmap.org/node/596740440
node/596740440,Shell,32.6287990,-117.0462480,regular,5.582,6.003,-0.421,2026-09-21,synthetic_from_eia,https://www.openstreetmap.org/node/596740440
node/596963884,4S Ranch Gas Station and Car Wash,33.0149270,-117.1114380,premium,5.629,6.469,-0.840,2026-09-21,synthetic_from_eia,https://www.openstreetmap.org/node/596963884
node/597049262,Encinitas Chevron,33.0485375,-117.2839390,diesel,7.712,8.246,-0.534,2026-09-21,synthetic_from_eia,https://www.openstreetmap.org/node/597049262
node/600872989,Circle K,33.7068681,-116.2693021,diesel,7.448,8.246,-0.798,2026-09-21,synthetic_from_eia,https://www.openstreetmap.org/node/600872989
node/607902536,Shell,34.0428281,-118.2162000,diesel,7.802,8.246,-0.444,2026-09-21,synthetic_from_eia,https://www.openstreetmap.org/node/607902536
node/607902553,Valero,34.0403747,-118.2121714,diesel,8.517,8.246,+0.271,2026-09-21,synthetic_from_eia,https://www.openstreetmap.org/node/607902553
node/610178503,Shell,34.0704341,-118.2675190,diesel,7.976,8.246,-0.270,2026-09-21,synthetic_from_eia,https://www.openstreetmap.org/node/610178503
node/610178520,Chevron,34.0819143,-118.2604910,diesel,7.986,8.246,-0.260,2026-09-21,synthetic_from_eia,https://www.openstreetmap.org/node/610178520
node/614003511,Shell,34.0259251,-118.2295740,diesel,7.665,8.246,-0.581,2026-09-21,synthetic_from_eia,https://www.openstreetmap.org/node/614003511
node/614037522,76,34.0729235,-118.2200360,diesel,7.780,8.246,-0.466,2026-09-21,synthetic_from_eia,https://www.openstreetmap.org/node/614037522
node/614042926,Shell,34.0735162,-118.2074950,diesel,9.119,8.246,+0.873,2026-09-21,synthetic_from_eia,https://www.openstreetmap.org/node/614042926
node/615040682,City Gasoline,36.8565064,-121.4016757,midgrade,6.572,6.276,+0.296,2026-09-21,synthetic_from_eia,https://www.openstreetmap.org/node/615040682
node/615040682,City Gasoline,36.8565064,-121.4016757,premium,6.687,6.469,+0.218,2026-09-21,synthetic_from_eia,https://www.openstreetmap.org/node/615040682
node/615040682,City Gasoline,36.8565064,-121.4016757,regular,5.345,6.003,-0.658,2026-09-21,synthetic_from_eia,https://www.openstreetmap.org/node/615040682
node/628641608,Chevron,33.9754902,-118.1237198,diesel,8.704,8.246,+0.458,2026-09-21,synthetic_from_eia,https://www.openstreetmap.org/node/628641608
node/628896044,Petro Bras,33.8894853,-118.1682938,diesel,7.573,8.246,-0.673,2026-09-21,synthetic_from_eia,https://www.openstreetmap.org/node/628896044
node/629032798,Arco,33.8884715,-118.1933596,diesel,8.005,8.246,-0.241,2026-09-21,synthetic_from_eia,https://www.openstreetmap.org/node/629032798
node/701702656,Valero,33.8745344,-118.2031720,diesel,9.225,8.246,+0.979,2026-09-21,synthetic_from_eia,https://www.openstreetmap.org/node/701702656
node/701702692,Valero,33.8809862,-118.1861500,diesel,8.526,8.246,+0.280,2026-09-21,synthetic_from_eia,https://www.openstreetmap.org/node/701702692
node/703647850,76,33.7901403,-118.1978430,diesel,8.360,8.246,+0.114,2026-09-21,synthetic_from_eia,https://www.openstreetmap.org/node/703647850
node/734166638,Chevron,34.0369958,-118.1308157,diesel,8.615,8.246,+0.369,2026-09-21,synthetic_from_eia,https://www.openstreetmap.org/node/734166638
node/734166770,Arco,34.0219969,-118.1338070,diesel,8.932,8.246,+0.686,2026-09-21,synthetic_from_eia,https://www.openstreetmap.org/node/734166770
node/734167120,Chevron,34.0225562,-118.1336000,diesel,8.798,8.246,+0.552,2026-09-21,synthetic_from_eia,https://www.openstreetmap.org/node/734167120
node/734778557,Chevron,33.6825054,-117.6670813,diesel,7.704,8.246,-0.542,2026-09-21,synthetic_from_eia,https://www.openstreetmap.org/node/734778557
node/734778557,Chevron,33.6825054,-117.6670813,premium,5.533,6.469,-0.936,2026-09-21,synthetic_from_eia,https://www.openstreetmap.org/node/734778557
node/740421419,Arco,34.0520505,-118.0639480,diesel,7.877,8.246,-0.369,2026-09-21,synthetic_from_eia,https://www.openstreetmap.org/node/740421419
node/740421459,Shell,34.0515189,-118.0646930,diesel,7.781,8.246,-0.465,2026-09-21,synthetic_from_eia,https://www.openstreetmap.org/node/740421459
node/740421581,Shell,34.0986689,-118.0731010,diesel,7.668,8.246,-0.578,2026-09-21,synthetic_from_eia,https://www.openstreetmap.org/node/740421581
node/747641210,Arco,34.0341814,-117.5752466,diesel,9.132,8.246,+0.886,2026-09-21,synthetic_from_eia,https://www.openstreetmap.org/node/747641210
node/764946412,Mobil,33.5634556,-117.6464500,diesel,8.999,8.246,+0.753,2026-09-21,synthetic_from_eia,https://www.openstreetmap.org/node/764946412
node/771184809,Chevron,33.6614957,-117.8753187,diesel,7.875,8.246,-0.371,2026-09-21,synthetic_from_eia,https://www.openstreetmap.org/node/771184809
node/771184809,Chevron,33.6614957,-117.8753187,premium,6.780,6.469,+0.311,2026-09-21,synthetic_from_eia,https://www.openstreetmap.org/node/771184809
node/774099975,Shell,34.0732679,-117.7518200,diesel,8.037,8.246,-0.209,2026-09-21,synthetic_from_eia,https://www.openstreetmap.org/node/774099975
node/778356635,Chevron,38.9229658,-121.0565270,diesel,9.075,8.246,+0.829,2026-09-21,synthetic_from_eia,https://www.openstreetmap.org/node/778356635
node/808868093,Vons,33.7463996,-117.4528207,diesel,8.164,8.246,-0.082,2026-09-21,synthetic_from_eia,https://www.openstreetmap.org/node/808868093
node/814446945,76,33.8558710,-117.8377500,diesel,7.776,8.246,-0.470,2026-09-21,synthetic_from_eia,https://www.openstreetmap.org/node/814446945
node/834107036,Arco,33.6840393,-117.3666472,diesel,7.739,8.246,-0.507,2026-09-21,synthetic_from_eia,https://www.openstreetmap.org/node/834107036
node/846402962,7-Eleven,33.4819424,-117.0930052,diesel,8.369,8.246,+0.123,2026-09-21,synthetic_from_eia,https://www.openstreetmap.org/node/846402962
node/857781262,76,34.0680380,-118.0420010,diesel,7.771,8.246,-0.475,2026-09-21,synthetic_from_eia,https://www.openstreetmap.org/node/857781262
node/859558838,Chevron,34.0166542,-118.0785740,diesel,8.415,8.246,+0.169,2026-09-21,synthetic_from_eia,https://www.openstreetmap.org/node/859558838
node/859559022,76,34.0018481,-118.0842160,diesel,9.042,8.246,+0.796,2026-09-21,synthetic_from_eia,https://www.openstreetmap.org/node/859559022
node/862480562,DoubleTime,36.6679719,-121.6281330,midgrade,6.075,6.276,-0.201,2026-09-21,synthetic_from_eia,https://www.openstreetmap.org/node/862480562
node/862480562,DoubleTime,36.6679719,-121.6281330,premium,5.908,6.469,-0.561,2026-09-21,synthetic_from_eia,https://www.openstreetmap.org/node/862480562
node/862480562,DoubleTime,36.6679719,-121.6281330,regular,6.998,6.003,+0.995,2026-09-21,synthetic_from_eia,https://www.openstreetmap.org/node/862480562
node/864088921,Chevron,33.9983562,-118.1263170,diesel,8.265,8.246,+0.019,2026-09-21,synthetic_from_eia,https://www.openstreetmap.org/node/864088921
node/864088994,Pemex,33.9970351,-118.1231668,diesel,7.428,8.246,-0.818,2026-09-21,synthetic_from_eia,https://www.openstreetmap.org/node/864088994
node/864089059,Arco,33.9967604,-118.1242360,diesel,7.340,8.246,-0.906,2026-09-21,synthetic_from_eia,https://www.openstreetmap.org/node/864089059
node/897648426,76,34.1965346,-119.1602760,diesel,7.465,8.246,-0.781,2026-09-21,synthetic_from_eia,https://www.openstreetmap.org/node/897648426
node/900587494,USA,34.2727885,-119.2609533,diesel,8.501,8.246,+0.255,2026-09-21,synthetic_from_eia,https://www.openstreetmap.org/node/900587494
node/904106951,Chevron,36.5841889,-118.0579734,regular,6.587,6.003,+0.584,2026-09-21,synthetic_from_eia,https://www.openstreetmap.org/node/904106951
node/940002867,Texaco,35.3717120,-117.6325069,diesel,8.090,8.246,-0.156,2026-09-21,synthetic_from_eia,https://www.openstreetmap.org/node/940002867
node/952106665,Shell,34.8509699,-114.6240593,diesel,7.373,8.246,-0.873,2026-09-21,synthetic_from_eia,https://www.openstreetmap.org/node/952106665
node/952106665,Shell,34.8509699,-114.6240593,midgrade,6.039,6.276,-0.237,2026-09-21,synthetic_from_eia,https://www.openstreetmap.org/node/952106665
node/952106665,Shell,34.8509699,-114.6240593,premium,7.461,6.469,+0.992,2026-09-21,synthetic_from_eia,https://www.openstreetmap.org/node/952106665
node/952106665,Shell,34.8509699,-114.6240593,regular,6.061,6.003,+0.058,2026-09-21,synthetic_from_eia,https://www.openstreetmap.org/node/952106665
node/955382090,Bel-air Aisle 1,38.6423703,-121.5324920,diesel,9.188,8.246,+0.942,2026-09-21,synthetic_from_eia,https://www.openstreetmap.org/node/955382090
node/955382090,Bel-air Aisle 1,38.6423703,-121.5324920,premium,7.191,6.469,+0.722,2026-09-21,synthetic_from_eia,https://www.openstreetmap.org/node/955382090
node/955382090,Bel-air Aisle 1,38.6423703,-121.5324920,regular,5.026,6.003,-0.977,2026-09-21,synthetic_from_eia,https://www.openstreetmap.org/node/955382090
node/956932003,Texaco,35.1426802,-118.4494640,diesel,8.687,8.246,+0.441,2026-09-21,synthetic_from_eia,https://www.openstreetmap.org/node/956932003
node/957107122,Chevron,35.1272922,-118.4136330,diesel,8.609,8.246,+0.363,2026-09-21,synthetic_from_eia,https://www.openstreetmap.org/node/957107122
node/957107248,Stop N Save Gas,35.1302326,-118.4346717,diesel,8.320,8.246,+0.074,2026-09-21,synthetic_from_eia,https://www.openstreetmap.org/node/957107248
node/957107365,Chevron,35.1316787,-118.4462290,diesel,7.780,8.246,-0.466,2026-09-21,synthetic_from_eia,https://www.openstreetmap.org/node/957107365
node/957482066,Love's,35.1255468,-118.4082030,diesel,8.528,8.246,+0.282,2026-09-21,synthetic_from_eia,https://www.openstreetmap.org/node/957482066
node/961008565,Mountain Village,35.1323033,-118.4526870,diesel,7.469,8.246,-0.777,2026-09-21,synthetic_from_eia,https://www.openstreetmap.org/node/961008565
node/977208604,Chevron,35.0514223,-118.1729180,diesel,8.116,8.246,-0.130,2026-09-21,synthetic_from_eia,https://www.openstreetmap.org/node/977208604
node/983913184,Shell,35.5942714,-117.6891533,diesel,8.153,8.246,-0.093,2026-09-21,synthetic_from_eia,https://www.openstreetmap.org/node/983913184
node/983913184,Shell,35.5942714,-117.6891533,midgrade,7.184,6.276,+0.908,2026-09-21,synthetic_from_eia,https://www.openstreetmap.org/node/983913184
node/983913184,Shell,35.5942714,-117.6891533,premium,7.221,6.469,+0.752,2026-09-21,synthetic_from_eia,https://www.openstreetmap.org/node/983913184
node/983913184,Shell,35.5942714,-117.6891533,regular,5.530,6.003,-0.473,2026-09-21,synthetic_from_eia,https://www.openstreetmap.org/node/983913184
node/983913335,Speedway,35.6047660,-117.6742431,midgrade,6.277,6.276,+0.001,2026-09-21,synthetic_from_eia,https://www.openstreetmap.org/node/983913335
node/983913335,Speedway,35.6047660,-117.6742431,premium,5.826,6.469,-0.643,2026-09-21,synthetic_from_eia,https://www.openstreetmap.org/node/983913335
node/983913335,Speedway,35.6047660,-117.6742431,regular,6.828,6.003,+0.825,2026-09-21,synthetic_from_eia,https://www.openstreetmap.org/node/983913335
node/986082260,Don's Gas / Market,34.8214770,-118.9450593,diesel,8.987,8.246,+0.741,2026-09-21,synthetic_from_eia,https://www.openstreetmap.org/node/986082260
node/1019299074,Roy's Gasoline,34.5586087,-115.7440680,premium,6.066,6.469,-0.403,2026-09-21,synthetic_from_eia,https://www.openstreetmap.org/node/1019299074
node/1019299074,Roy's Gasoline,34.5586087,-115.7440680,regular,6.281,6.003,+0.278,2026-09-21,synthetic_from_eia,https://www.openstreetmap.org/node/1019299074
node/1109831754,Chevron,34.1219693,-117.9079822,diesel,8.464,8.246,+0.218,2026-09-21,synthetic_from_eia,https://www.openstreetmap.org/node/1109831754
node/1109831813,Shell,34.1212716,-117.9071520,diesel,7.552,8.246,-0.694,2026-09-21,synthetic_from_eia,https://www.openstreetmap.org/node/1109831813
node/1133605272,Arco,34.0188194,-117.6802620,diesel,8.771,8.246,+0.525,2026-09-21,synthetic_from_eia,https://www.openstreetmap.org/node/1133605272
node/1145325468,7-Eleven,34.0477327,-117.5765810,diesel,8.325,8.246,+0.079,2026-09-21,synthetic_from_eia,https://www.openstreetmap.org/node/1145325468
node/1167574552,Valero,34.0795480,-117.6288418,diesel,8.803,8.246,+0.557,2026-09-21,synthetic_from_eia,https://www.openstreetmap.org/node/1167574552
node/1220797523,Aramco,37.7241659,-122.4024683,midgrade,6.337,6.276,+0.061,2026-09-21,synthetic_from_eia,https://www.openstreetmap.org/node/1220797523
node/1220797523,Aramco,37.7241659,-122.4024683,premium,5.470,6.469,-0.999,2026-09-21,synthetic_from_eia,https://www.openstreetmap.org/node/1220797523
node/1220797523,Aramco,37.7241659,-122.4024683,regular,5.651,6.003,-0.352,2026-09-21,synthetic_from_eia,https://www.openstreetmap.org/node/1220797523
node/1229920752,Martco,37.7169401,-122.4409980,midgrade,5.315,6.276,-0.961,2026-09-21,synthetic_from_eia,https://www.openstreetmap.org/node/1229920752
node/1229920752,Martco,37.7169401,-122.4409980,premium,7.327,6.469,+0.858,2026-09-21,synthetic_from_eia,https://www.openstreetmap.org/node/1229920752
node/1229920752,Martco,37.7169401,-122.4409980,regular,6.760,6.003,+0.757,2026-09-21,synthetic_from_eia,https://www.openstreetmap.org/node/1229920752
node/1230095129,Flying J,35.5311601,-119.1874575,midgrade,6.939,6.276,+0.663,2026-09-21,synthetic_from_eia,https://www.openstreetmap.org/node/1230095129
node/1230095129,Flying J,35.5311601,-119.1874575,premium,6.084,6.469,-0.385,2026-09-21,synthetic_from_eia,https://www.openstreetmap.org/node/1230095129
node/1230095129,Flying J,35.5311601,-119.1874575,regular,5.119,6.003,-0.884,2026-09-21,synthetic_from_eia,https://www.openstreetmap.org/node/1230095129
node/1247205748,Chevron,33.5920113,-117.1241647,diesel,9.002,8.246,+0.756,2026-09-21,synthetic_from_eia,https://www.openstreetmap.org/node/1247205748
node/1271080741,Valero,33.7432227,-117.1042332,diesel,9.140,8.246,+0.894,2026-09-21,synthetic_from_eia,https://www.openstreetmap.org/node/1271080741
node/1324652400,Shell,33.8450928,-117.2252190,diesel,7.417,8.246,-0.829,2026-09-21,synthetic_from_eia,https://www.openstreetmap.org/node/1324652400
node/1324652429,Arco,33.8449691,-117.2266489,diesel,8.218,8.246,-0.028,2026-09-21,synthetic_from_eia,https://www.openstreetmap.org/node/1324652429
node/1329518224,Shell,33.9158474,-117.3239877,diesel,7.384,8.246,-0.862,2026-09-21,synthetic_from_eia,https://www.openstreetmap.org/node/1329518224
node/1333487407,Mobil,33.9760301,-117.3367320,diesel,8.767,8.246,+0.521,2026-09-21,synthetic_from_eia,https://www.openstreetmap.org/node/1333487407
node/1333487407,Mobil,33.9760301,-117.3367320,midgrade,6.808,6.276,+0.532,2026-09-21,synthetic_from_eia,https://www.openstreetmap.org/node/1333487407
node/1333487407,Mobil,33.9760301,-117.3367320,premium,5.726,6.469,-0.743,2026-09-21,synthetic_from_eia,https://www.openstreetmap.org/node/1333487407
node/1333487407,Mobil,33.9760301,-117.3367320,regular,5.954,6.003,-0.049,2026-09-21,synthetic_from_eia,https://www.openstreetmap.org/node/1333487407
node/1336514558,76,34.0374987,-117.3674283,diesel,8.346,8.246,+0.100,2026-09-21,synthetic_from_eia,https://www.openstreetmap.org/node/1336514558
node/1339121741,Speedway,38.6608471,-121.3648058,diesel,7.776,8.246,-0.470,2026-09-21,synthetic_from_eia,https://www.openstreetmap.org/node/1339121741
node/1343105062,Shell,33.9833054,-117.3403050,midgrade,7.021,6.276,+0.745,2026-09-21,synthetic_from_eia,https://www.openstreetmap.org/node/1343105062
node/1343105062,Shell,33.9833054,-117.3403050,premium,6.315,6.469,-0.154,2026-09-21,synthetic_from_eia,https://www.openstreetmap.org/node/1343105062
node/1343105062,Shell,33.9833054,-117.3403050,regular,5.427,6.003,-0.576,2026-09-21,synthetic_from_eia,https://www.openstreetmap.org/node/1343105062
node/1349777217,Gulf,33.7147205,-117.1856600,diesel,8.325,8.246,+0.079,2026-09-21,synthetic_from_eia,https://www.openstreetmap.org/node/1349777217
node/1350170307,Shell,33.7869232,-117.2158930,diesel,8.706,8.246,+0.460,2026-09-21,synthetic_from_eia,https://www.openstreetmap.org/node/1350170307
node/1357773989,Arco,34.0335652,-117.3227250,diesel,7.648,8.246,-0.598,2026-09-21,synthetic_from_eia,https://www.openstreetmap.org/node/1357773989
node/1379549395,Arco,33.6411088,-117.1675310,diesel,7.869,8.246,-0.377,2026-09-21,synthetic_from_eia,https://www.openstreetmap.org/node/1379549395
node/1412694845,Arco,33.9348812,-117.4536357,midgrade,7.266,6.276,+0.990,2026-09-21,synthetic_from_eia,https://www.openstreetmap.org/node/1412694845
node/1412694845,Arco,33.9348812,-117.4536357,premium,6.769,6.469,+0.300,2026-09-21,synthetic_from_eia,https://www.openstreetmap.org/node/1412694845
node/1412694845,Arco,33.9348812,-117.4536357,regular,5.879,6.003,-0.124,2026-09-21,synthetic_from_eia,https://www.openstreetmap.org/node/1412694845
node/1412694859,76,33.9430818,-117.4544529,diesel,8.281,8.246,+0.035,2026-09-21,synthetic_from_eia,https://www.openstreetmap.org/node/1412694859
node/1412694859,76,33.9430818,-117.4544529,midgrade,5.518,6.276,-0.758,2026-09-21,synthetic_from_eia,https://www.openstreetmap.org/node/1412694859
node/1412694859,76,33.9430818,-117.4544529,premium,5.918,6.469,-0.551,2026-09-21,synthetic_from_eia,https://www.openstreetmap.org/node/1412694859
node/1412694859,76,33.9430818,-117.4544529,regular,5.679,6.003,-0.324,2026-09-21,synthetic_from_eia,https://www.openstreetmap.org/node/1412694859
node/1417428307,Shell,37.7382281,-120.9387566,diesel,8.423,8.246,+0.177,2026-09-21,synthetic_from_eia,https://www.openstreetmap.org/node/1417428307
node/1417428307,Shell,37.7382281,-120.9387566,midgrade,5.736,6.276,-0.540,2026-09-21,synthetic_from_eia,https://www.openstreetmap.org/node/1417428307
node/1417428307,Shell,37.7382281,-120.9387566,premium,5.909,6.469,-0.560,2026-09-21,synthetic_from_eia,https://www.openstreetmap.org/node/1417428307
node/1417428307,Shell,37.7382281,-120.9387566,regular,5.145,6.003,-0.858,2026-09-21,synthetic_from_eia,https://www.openstreetmap.org/node/1417428307
node/1436163066,Chevron,32.9071879,-117.1716800,midgrade,6.538,6.276,+0.262,2026-09-21,synthetic_from_eia,https://www.openstreetmap.org/node/1436163066
node/1436163066,Chevron,32.9071879,-117.1716800,premium,5.927,6.469,-0.542,2026-09-21,synthetic_from_eia,https://www.openstreetmap.org/node/1436163066
node/1436163066,Chevron,32.9071879,-117.1716800,regular,6.814,6.003,+0.811,2026-09-21,synthetic_from_eia,https://www.openstreetmap.org/node/1436163066
node/1459183759,Speedway,32.8314107,-117.2020435,diesel,8.965,8.246,+0.719,2026-09-21,synthetic_from_eia,https://www.openstreetmap.org/node/1459183759
node/1459183759,Speedway,32.8314107,-117.2020435,midgrade,5.418,6.276,-0.858,2026-09-21,synthetic_from_eia,https://www.openstreetmap.org/node/1459183759
node/1459183759,Speedway,32.8314107,-117.2020435,premium,5.945,6.469,-0.524,2026-09-21,synthetic_from_eia,https://www.openstreetmap.org/node/1459183759
node/1459183759,Speedway,32.8314107,-117.2020435,regular,6.341,6.003,+0.338,2026-09-21,synthetic_from_eia,https://www.openstreetmap.org/node/1459183759
node/1465389962,Performance Fuels,40.8039808,-124.1589031,diesel,7.674,8.246,-0.572,2026-09-21,synthetic_from_eia,https://www.openstreetmap.org/node/1465389962
node/1465389962,Performance Fuels,40.8039808,-124.1589031,premium,5.734,6.469,-0.735,2026-09-21,synthetic_from_eia,https://www.openstreetmap.org/node/1465389962
node/1467729559,Shell,40.8029886,-124.1569470,diesel,9.117,8.246,+0.871,2026-09-21,synthetic_from_eia,https://www.openstreetmap.org/node/1467729559
node/1467729559,Shell,40.8029886,-124.1569470,premium,6.611,6.469,+0.142,2026-09-21,synthetic_from_eia,https://www.openstreetmap.org/node/1467729559
node/1488265967,Arco,33.9462911,-117.4684000,diesel,8.191,8.246,-0.055,2026-09-21,synthetic_from_eia,https://www.openstreetmap.org/node/1488265967
node/1488265967,Arco,33.9462911,-117.4684000,midgrade,6.845,6.276,+0.569,2026-09-21,synthetic_from_eia,https://www.openstreetmap.org/node/1488265967
node/1488265967,Arco,33.9462911,-117.4684000,premium,7.084,6.469,+0.615,2026-09-21,synthetic_from_eia,https://www.openstreetmap.org/node/1488265967
node/1488265967,Arco,33.9462911,-117.4684000,regular,5.384,6.003,-0.619,2026-09-21,synthetic_from_eia,https://www.openstreetmap.org/node/1488265967
node/1488265968,MG,33.9215245,-117.4451570,midgrade,5.470,6.276,-0.806,2026-09-21,synthetic_from_eia,https://www.openstreetmap.org/node/1488265968
node/1488265968,MG,33.9215245,-117.4451570,premium,6.331,6.469,-0.138,2026-09-21,synthetic_from_eia,https://www.openstreetmap.org/node/1488265968
node/1488265968,MG,33.9215245,-117.4451570,regular,5.850,6.003,-0.153,2026-09-21,synthetic_from_eia,https://www.openstreetmap.org/node/1488265968
node/1488265969,Fastrip,33.9461301,-117.4780760,diesel,8.180,8.246,-0.066,2026-09-21,synthetic_from_eia,https://www.openstreetmap.org/node/1488265969
node/1488265969,Fastrip,33.9461301,-117.4780760,midgrade,6.734,6.276,+0.458,2026-09-21,synthetic_from_eia,https://www.openstreetmap.org/node/1488265969
node/1488265969,Fastrip,33.9461301,-117.4780760,premium,6.816,6.469,+0.347,2026-09-21,synthetic_from_eia,https://www.openstreetmap.org/node/1488265969
node/1488265969,Fastrip,33.9461301,-117.4780760,regular,6.971,6.003,+0.968,2026-09-21,synthetic_from_eia,https://www.openstreetmap.org/node/1488265969
node/1488265970,Food 4 Less Gas,33.9264334,-117.4527240,diesel,7.443,8.246,-0.803,2026-09-21,synthetic_from_eia,https://www.openstreetmap.org/node/1488265970
node/1488265970,Food 4 Less Gas,33.9264334,-117.4527240,midgrade,6.081,6.276,-0.195,2026-09-21,synthetic_from_eia,https://www.openstreetmap.org/node/1488265970
node/1488265970,Food 4 Less Gas,33.9264334,-117.4527240,premium,6.148,6.469,-0.321,2026-09-21,synthetic_from_eia,https://www.openstreetmap.org/node/1488265970
node/1488265970,Food 4 Less Gas,33.9264334,-117.4527240,regular,6.726,6.003,+0.723,2026-09-21,synthetic_from_eia,https://www.openstreetmap.org/node/1488265970
node/1488265971,USA Gasoline,33.9141126,-117.4408762,diesel,7.743,8.246,-0.503,2026-09-21,synthetic_from_eia,https://www.openstreetmap.org/node/1488265971
node/1488265971,USA Gasoline,33.9141126,-117.4408762,midgrade,5.656,6.276,-0.620,2026-09-21,synthetic_from_eia,https://www.openstreetmap.org/node/1488265971
node/1488265971,USA Gasoline,33.9141126,-117.4408762,premium,6.366,6.469,-0.103,2026-09-21,synthetic_from_eia,https://www.openstreetmap.org/node/1488265971
node/1488265971,USA Gasoline,33.9141126,-117.4408762,regular,5.847,6.003,-0.156,2026-09-21,synthetic_from_eia,https://www.openstreetmap.org/node/1488265971
node/1488265972,Mobil,33.9454715,-117.4533790,diesel,7.803,8.246,-0.443,2026-09-21,synthetic_from_eia,https://www.openstreetmap.org/node/1488265972
node/1488265972,Mobil,33.9454715,-117.4533790,midgrade,5.776,6.276,-0.500,2026-09-21,synthetic_from_eia,https://www.openstreetmap.org/node/1488265972
node/1488265972,Mobil,33.9454715,-117.4533790,premium,7.316,6.469,+0.847,2026-09-21,synthetic_from_eia,https://www.openstreetmap.org/node/1488265972
node/1488265972,Mobil,33.9454715,-117.4533790,regular,5.889,6.003,-0.114,2026-09-21,synthetic_from_eia,https://www.openstreetmap.org/node/1488265972
node/1488265973,Arco,33.9117776,-117.4607929,midgrade,6.999,6.276,+0.723,2026-09-21,synthetic_from_eia,https://www.openstreetmap.org/node/1488265973
node/1488265973,Arco,33.9117776,-117.4607929,premium,6.570,6.469,+0.101,2026-09-21,synthetic_from_eia,https://www.openstreetmap.org/node/1488265973
node/1488265973,Arco,33.9117776,-117.4607929,regular,5.104,6.003,-0.899,2026-09-21,synthetic_from_eia,https://www.openstreetmap.org/node/1488265973
node/1488265975,Chevron,33.9151365,-117.4429093,midgrade,7.275,6.276,+0.999,2026-09-21,synthetic_from_eia,https://www.openstreetmap.org/node/1488265975
node/1488265975,Chevron,33.9151365,-117.4429093,premium,7.141,6.469,+0.672,2026-09-21,synthetic_from_eia,https://www.openstreetmap.org/node/1488265975
node/1488265975,Chevron,33.9151365,-117.4429093,regular,6.941,6.003,+0.938,2026-09-21,synthetic_from_eia,https://www.openstreetmap.org/node/1488265975
node/1488265977,Chevron,33.9467772,-117.4618180,diesel,9.099,8.246,+0.853,2026-09-21,synthetic_from_eia,https://www.openstreetmap.org/node/1488265977
node/1488265977,Chevron,33.9467772,-117.4618180,midgrade,6.973,6.276,+0.697,2026-09-21,synthetic_from_eia,https://www.openstreetmap.org/node/1488265977
node/1488265977,Chevron,33.9467772,-117.4618180,premium,5.802,6.469,-0.667,2026-09-21,synthetic_from_eia,https://www.openstreetmap.org/node/1488265977
node/1488265977,Chevron,33.9467772,-117.4618180,regular,5.974,6.003,-0.029,2026-09-21,synthetic_from_eia,https://www.openstreetmap.org/node/1488265977
node/1488265981,Arco,33.9262081,-117.4517390,midgrade,5.703,6.276,-0.573,2026-09-21,synthetic_from_eia,https://www.openstreetmap.org/node/1488265981
node/1488265981,Arco,33.9262081,-117.4517390,premium,6.271,6.469,-0.198,2026-09-21,synthetic_from_eia,https://www.openstreetmap.org/node/1488265981
node/1488265981,Arco,33.9262081,-117.4517390,regular,5.120,6.003,-0.883,2026-09-21,synthetic_from_eia,https://www.openstreetmap.org/node/1488265981
node/1489216627,Western Gas,33.9275340,-117.4938772,midgrade,6.034,6.276,-0.242,2026-09-21,synthetic_from_eia,https://www.openstreetmap.org/node/1489216627
node/1489216627,Western Gas,33.9275340,-117.4938772,premium,7.440,6.469,+0.971,2026-09-21,synthetic_from_eia,https://www.openstreetmap.org/node/1489216627
node/1489216627,Western Gas,33.9275340,-117.4938772,regular,5.533,6.003,-0.470,2026-09-21,synthetic_from_eia,https://www.openstreetmap.org/node/1489216627
node/1731377608,Chevron,32.8223519,-117.1485210,regular,6.571,6.003,+0.568,2026-09-21,synthetic_from_eia,https://www.openstreetmap.org/node/1731377608
node/1749414370,Steve's 76,36.9879115,-121.9845260,diesel,8.156,8.246,-0.090,2026-09-21,synthetic_from_eia,https://www.openstreetmap.org/node/1749414370
node/1749414370,Steve's 76,36.9879115,-121.9845260,premium,6.315,6.469,-0.154,2026-09-21,synthetic_from_eia,https://www.openstreetmap.org/node/1749414370
node/1763734678,Chevron,37.5371407,-119.6575798,diesel,9.161,8.246,+0.915,2026-09-21,synthetic_from_eia,https://www.openstreetmap.org/node/1763734678
node/1763734678,Chevron,37.5371407,-119.6575798,regular,6.994,6.003,+0.991,2026-09-21,synthetic_from_eia,https://www.openstreetmap.org/node/1763734678
node/1778786495,(unnamed),37.4697055,-122.2468911,diesel,8.358,8.246,+0.112,2026-09-21,synthetic_from_eia,https://www.openstreetmap.org/node/1778786495
node/1778786495,(unnamed),37.4697055,-122.2468911,premium,6.906,6.469,+0.437,2026-09-21,synthetic_from_eia,https://www.openstreetmap.org/node/1778786495
node/1813316570,1-Stop,35.6483050,-117.6701860,midgrade,5.586,6.276,-0.690,2026-09-21,synthetic_from_eia,https://www.openstreetmap.org/node/1813316570
node/1813316570,1-Stop,35.6483050,-117.6701860,premium,6.062,6.469,-0.407,2026-09-21,synthetic_from_eia,https://www.openstreetmap.org/node/1813316570
node/1813316570,1-Stop,35.6483050,-117.6701860,regular,6.940,6.003,+0.937,2026-09-21,synthetic_from_eia,https://www.openstreetmap.org/node/1813316570
node/1878660884,Timber Mountain Store Gas Station,41.6479145,-121.2905910,diesel,8.404,8.246,+0.158,2026-09-21,synthetic_from_eia,https://www.openstreetmap.org/node/1878660884
node/1895822699,Speedway Exppress,37.6772369,-120.9583060,diesel,8.330,8.246,+0.084,2026-09-21,synthetic_from_eia,https://www.openstreetmap.org/node/1895822699
node/1918172891,Shell,37.7674874,-122.2205630,diesel,8.742,8.246,+0.496,2026-09-21,synthetic_from_eia,https://www.openstreetmap.org/node/1918172891
node/1920393361,Valero,37.9525007,-121.9574560,premium,5.583,6.469,-0.886,2026-09-21,synthetic_from_eia,https://www.openstreetmap.org/node/1920393361
node/1920393672,Shell,37.9521665,-121.9566890,diesel,8.414,8.246,+0.168,2026-09-21,synthetic_from_eia,https://www.openstreetmap.org/node/1920393672
node/1920393672,Shell,37.9521665,-121.9566890,premium,6.475,6.469,+0.006,2026-09-21,synthetic_from_eia,https://www.openstreetmap.org/node/1920393672
node/1941034790,Shell,37.1658735,-118.2898172,diesel,8.951,8.246,+0.705,2026-09-21,synthetic_from_eia,https://www.openstreetmap.org/node/1941034790
node/1948164838,Valero,37.2719560,-121.9545220,diesel,7.561,8.246,-0.685,2026-09-21,synthetic_from_eia,https://www.openstreetmap.org/node/1948164838
node/1948164838,Valero,37.2719560,-121.9545220,midgrade,7.198,6.276,+0.922,2026-09-21,synthetic_from_eia,https://www.openstreetmap.org/node/1948164838
node/1948164838,Valero,37.2719560,-121.9545220,premium,5.629,6.469,-0.840,2026-09-21,synthetic_from_eia,https://www.openstreetmap.org/node/1948164838
node/1948164838,Valero,37.2719560,-121.9545220,regular,5.375,6.003,-0.628,2026-09-21,synthetic_from_eia,https://www.openstreetmap.org/node/1948164838
node/1966149917,Shell,34.9038232,-116.8871102,diesel,8.436,8.246,+0.190,2026-09-21,synthetic_from_eia,https://www.openstreetmap.org/node/1966149917
node/1976089558,Shell,33.7283424,-116.4022740,diesel,8.596,8.246,+0.350,2026-09-21,synthetic_from_eia,https://www.openstreetmap.org/node/1976089558
node/1976089558,Shell,33.7283424,-116.4022740,midgrade,5.746,6.276,-0.530,2026-09-21,synthetic_from_eia,https://www.openstreetmap.org/node/1976089558
node/1976089558,Shell,33.7283424,-116.4022740,premium,5.709,6.469,-0.760,2026-09-21,synthetic_from_eia,https://www.openstreetmap.org/node/1976089558
node/1976089558,Shell,33.7283424,-116.4022740,regular,6.784,6.003,+0.781,2026-09-21,synthetic_from_eia,https://www.openstreetmap.org/node/1976089558
node/2007952513,Crane Flat Service Station,37.7532762,-119.7969598,diesel,7.738,8.246,-0.508,2026-09-21,synthetic_from_eia,https://www.openstreetmap.org/node/2007952513
node/2007952513,Crane Flat Service Station,37.7532762,-119.7969598,midgrade,6.465,6.276,+0.189,2026-09-21,synthetic_from_eia,https://www.openstreetmap.org/node/2007952513
node/2007952513,Crane Flat Service Station,37.7532762,-119.7969598,premium,6.708,6.469,+0.239,2026-09-21,synthetic_from_eia,https://www.openstreetmap.org/node/2007952513
node/2007952513,Crane Flat Service Station,37.7532762,-119.7969598,regular,5.841,6.003,-0.162,2026-09-21,synthetic_from_eia,https://www.openstreetmap.org/node/2007952513
node/2010166222,Berri Brothers,33.9744287,-117.3737894,diesel,8.413,8.246,+0.167,2026-09-21,synthetic_from_eia,https://www.openstreetmap.org/node/2010166222
node/2010166222,Berri Brothers,33.9744287,-117.3737894,midgrade,6.322,6.276,+0.046,2026-09-21,synthetic_from_eia,https://www.openstreetmap.org/node/2010166222
node/2010166222,Berri Brothers,33.9744287,-117.3737894,premium,7.338,6.469,+0.869,2026-09-21,synthetic_from_eia,https://www.openstreetmap.org/node/2010166222
node/2010166222,Berri Brothers,33.9744287,-117.3737894,regular,5.412,6.003,-0.591,2026-09-21,synthetic_from_eia,https://www.openstreetmap.org/node/2010166222
node/2135518102,Tupacks Liquor,34.7041890,-118.0789682,premium,6.901,6.469,+0.432,2026-09-21,synthetic_from_eia,https://www.openstreetmap.org/node/2135518102
node/2165181333,Shell,36.0650526,-119.3128480,diesel,7.723,8.246,-0.523,2026-09-21,synthetic_from_eia,https://www.openstreetmap.org/node/2165181333
node/2229318671,Chevron,35.3114677,-120.8328140,diesel,8.038,8.246,-0.208,2026-09-21,synthetic_from_eia,https://www.openstreetmap.org/node/2229318671
node/2287617326,7-Eleven,38.5502766,-121.6940380,diesel,8.589,8.246,+0.343,2026-09-21,synthetic_from_eia,https://www.openstreetmap.org/node/2287617326
node/2296281190,Marsh Road Valero,37.4740755,-122.1885552,diesel,7.846,8.246,-0.400,2026-09-21,synthetic_from_eia,https://www.openstreetmap.org/node/2296281190
node/2493008116,Hopland Food and Gas,38.9697104,-123.1167470,diesel,7.878,8.246,-0.368,2026-09-21,synthetic_from_eia,https://www.openstreetmap.org/node/2493008116
node/2493008116,Hopland Food and Gas,38.9697104,-123.1167470,midgrade,6.780,6.276,+0.504,2026-09-21,synthetic_from_eia,https://www.openstreetmap.org/node/2493008116
node/2493008116,Hopland Food and Gas,38.9697104,-123.1167470,premium,5.614,6.469,-0.855,2026-09-21,synthetic_from_eia,https://www.openstreetmap.org/node/2493008116
node/2493008116,Hopland Food and Gas,38.9697104,-123.1167470,regular,5.920,6.003,-0.083,2026-09-21,synthetic_from_eia,https://www.openstreetmap.org/node/2493008116
node/2588375787,Arco,38.5757386,-121.5758264,diesel,9.243,8.246,+0.997,2026-09-21,synthetic_from_eia,https://www.openstreetmap.org/node/2588375787
node/2588375787,Arco,38.5757386,-121.5758264,regular,6.995,6.003,+0.992,2026-09-21,synthetic_from_eia,https://www.openstreetmap.org/node/2588375787
node/2606442530,Shell,37.2371936,-121.8310090,premium,5.616,6.469,-0.853,2026-09-21,synthetic_from_eia,https://www.openstreetmap.org/node/2606442530
node/2665225341,(unnamed),37.0194773,-120.1331678,diesel,7.672,8.246,-0.574,2026-09-21,synthetic_from_eia,https://www.openstreetmap.org/node/2665225341
node/2692956473,Chevron,34.8490239,-114.6223494,diesel,7.776,8.246,-0.470,2026-09-21,synthetic_from_eia,https://www.openstreetmap.org/node/2692956473
node/2692956473,Chevron,34.8490239,-114.6223494,midgrade,7.143,6.276,+0.867,2026-09-21,synthetic_from_eia,https://www.openstreetmap.org/node/2692956473
node/2692956473,Chevron,34.8490239,-114.6223494,premium,7.231,6.469,+0.762,2026-09-21,synthetic_from_eia,https://www.openstreetmap.org/node/2692956473
node/2692956473,Chevron,34.8490239,-114.6223494,regular,6.762,6.003,+0.759,2026-09-21,synthetic_from_eia,https://www.openstreetmap.org/node/2692956473
node/2698387411,Chevron,41.4942202,-120.5422533,diesel,7.985,8.246,-0.261,2026-09-21,synthetic_from_eia,https://www.openstreetmap.org/node/2698387411
node/3065879943,Shell,38.4080921,-121.4779559,diesel,7.561,8.246,-0.685,2026-09-21,synthetic_from_eia,https://www.openstreetmap.org/node/3065879943
node/3065879943,Shell,38.4080921,-121.4779559,midgrade,6.943,6.276,+0.667,2026-09-21,synthetic_from_eia,https://www.openstreetmap.org/node/3065879943
node/3065879943,Shell,38.4080921,-121.4779559,premium,6.876,6.469,+0.407,2026-09-21,synthetic_from_eia,https://www.openstreetmap.org/node/3065879943
node/3065879943,Shell,38.4080921,-121.4779559,regular,6.226,6.003,+0.223,2026-09-21,synthetic_from_eia,https://www.openstreetmap.org/node/3065879943
node/3240199204,(unnamed),35.6455507,-120.6576226,diesel,9.220,8.246,+0.974,2026-09-21,synthetic_from_eia,https://www.openstreetmap.org/node/3240199204
node/3316151685,76,34.1351662,-116.3127678,diesel,8.554,8.246,+0.308,2026-09-21,synthetic_from_eia,https://www.openstreetmap.org/node/3316151685
node/3316151685,76,34.1351662,-116.3127678,premium,5.485,6.469,-0.984,2026-09-21,synthetic_from_eia,https://www.openstreetmap.org/node/3316151685
node/3472845487,(unnamed),38.1504389,-121.5904531,diesel,8.880,8.246,+0.634,2026-09-21,synthetic_from_eia,https://www.openstreetmap.org/node/3472845487
node/3472845487,(unnamed),38.1504389,-121.5904531,premium,6.068,6.469,-0.401,2026-09-21,synthetic_from_eia,https://www.openstreetmap.org/node/3472845487
node/3509727942,Shell,34.1382758,-117.4178583,midgrade,6.603,6.276,+0.327,2026-09-21,synthetic_from_eia,https://www.openstreetmap.org/node/3509727942
node/3509727942,Shell,34.1382758,-117.4178583,premium,7.347,6.469,+0.878,2026-09-21,synthetic_from_eia,https://www.openstreetmap.org/node/3509727942
node/3509727942,Shell,34.1382758,-117.4178583,regular,5.272,6.003,-0.731,2026-09-21,synthetic_from_eia,https://www.openstreetmap.org/node/3509727942
node/3567352440,Howard's Fast Trip,35.6148532,-117.6875706,midgrade,5.507,6.276,-0.769,2026-09-21,synthetic_from_eia,https://www.openstreetmap.org/node/3567352440
node/3567352440,Howard's Fast Trip,35.6148532,-117.6875706,premium,5.683,6.469,-0.786,2026-09-21,synthetic_from_eia,https://www.openstreetmap.org/node/3567352440
node/3567352440,Howard's Fast Trip,35.6148532,-117.6875706,regular,6.109,6.003,+0.106,2026-09-21,synthetic_from_eia,https://www.openstreetmap.org/node/3567352440
node/3769833441,Chevron,34.1886187,-114.5748490,diesel,7.791,8.246,-0.455,2026-09-21,synthetic_from_eia,https://www.openstreetmap.org/node/3769833441
node/3769833441,Chevron,34.1886187,-114.5748490,regular,6.213,6.003,+0.210,2026-09-21,synthetic_from_eia,https://www.openstreetmap.org/node/3769833441
node/3853953625,7-Eleven,32.6696069,-115.4984404,midgrade,6.711,6.276,+0.435,2026-09-21,synthetic_from_eia,https://www.openstreetmap.org/node/3853953625
node/3853953625,7-Eleven,32.6696069,-115.4984404,premium,5.876,6.469,-0.593,2026-09-21,synthetic_from_eia,https://www.openstreetmap.org/node/3853953625
node/3853953625,7-Eleven,32.6696069,-115.4984404,regular,6.271,6.003,+0.268,2026-09-21,synthetic_from_eia,https://www.openstreetmap.org/node/3853953625
node/3934330611,76,37.7840565,-122.2386405,diesel,7.774,8.246,-0.472,2026-09-21,synthetic_from_eia,https://www.openstreetmap.org/node/3934330611
node/4015833248,Shell,37.7956759,-122.2533970,diesel,8.223,8.246,-0.023,2026-09-21,synthetic_from_eia,https://www.openstreetmap.org/node/4015833248
node/4196372281,76,36.6844112,-121.6525500,diesel,9.057,8.246,+0.811,2026-09-21,synthetic_from_eia,https://www.openstreetmap.org/node/4196372281
node/4196372281,76,36.6844112,-121.6525500,midgrade,6.968,6.276,+0.692,2026-09-21,synthetic_from_eia,https://www.openstreetmap.org/node/4196372281
node/4196372281,76,36.6844112,-121.6525500,premium,5.654,6.469,-0.815,2026-09-21,synthetic_from_eia,https://www.openstreetmap.org/node/4196372281
node/4196372281,76,36.6844112,-121.6525500,regular,5.850,6.003,-0.153,2026-09-21,synthetic_from_eia,https://www.openstreetmap.org/node/4196372281
node/4215379866,Walker Country Store Gas,38.5171944,-119.4811111,diesel,7.799,8.246,-0.447,2026-09-21,synthetic_from_eia,https://www.openstreetmap.org/node/4215379866
node/4215379866,Walker Country Store Gas,38.5171944,-119.4811111,regular,5.010,6.003,-0.993,2026-09-21,synthetic_from_eia,https://www.openstreetmap.org/node/4215379866
node/4349411287,Chevron,38.4256841,-121.4810420,diesel,8.788,8.246,+0.542,2026-09-21,synthetic_from_eia,https://www.openstreetmap.org/node/4349411287
node/4349411287,Chevron,38.4256841,-121.4810420,midgrade,6.550,6.276,+0.274,2026-09-21,synthetic_from_eia,https://www.openstreetmap.org/node/4349411287
node/4349411287,Chevron,38.4256841,-121.4810420,premium,5.993,6.469,-0.476,2026-09-21,synthetic_from_eia,https://www.openstreetmap.org/node/4349411287
node/4349411287,Chevron,38.4256841,-121.4810420,regular,6.485,6.003,+0.482,2026-09-21,synthetic_from_eia,https://www.openstreetmap.org/node/4349411287
node/4358178738,Safeway Fuel Station,38.9453045,-119.9683880,diesel,8.349,8.246,+0.103,2026-09-21,synthetic_from_eia,https://www.openstreetmap.org/node/4358178738
node/4358178738,Safeway Fuel Station,38.9453045,-119.9683880,midgrade,6.131,6.276,-0.145,2026-09-21,synthetic_from_eia,https://www.openstreetmap.org/node/4358178738
node/4358178738,Safeway Fuel Station,38.9453045,-119.9683880,premium,5.488,6.469,-0.981,2026-09-21,synthetic_from_eia,https://www.openstreetmap.org/node/4358178738
node/4358178738,Safeway Fuel Station,38.9453045,-119.9683880,regular,5.153,6.003,-0.850,2026-09-21,synthetic_from_eia,https://www.openstreetmap.org/node/4358178738
node/4381516846,BMF Racing Co.,36.8538055,-121.4022244,diesel,9.012,8.246,+0.766,2026-09-21,synthetic_from_eia,https://www.openstreetmap.org/node/4381516846
node/4381516846,BMF Racing Co.,36.8538055,-121.4022244,midgrade,7.084,6.276,+0.808,2026-09-21,synthetic_from_eia,https://www.openstreetmap.org/node/4381516846
node/4381516846,BMF Racing Co.,36.8538055,-121.4022244,premium,6.560,6.469,+0.091,2026-09-21,synthetic_from_eia,https://www.openstreetmap.org/node/4381516846
node/4381516846,BMF Racing Co.,36.8538055,-121.4022244,regular,6.672,6.003,+0.669,2026-09-21,synthetic_from_eia,https://www.openstreetmap.org/node/4381516846
node/4588635623,Chevron,38.3251419,-122.2857200,diesel,8.411,8.246,+0.165,2026-09-21,synthetic_from_eia,https://www.openstreetmap.org/node/4588635623
node/4588635623,Chevron,38.3251419,-122.2857200,regular,5.299,6.003,-0.704,2026-09-21,synthetic_from_eia,https://www.openstreetmap.org/node/4588635623
node/4677764287,Chevron,34.2261188,-119.1777540,diesel,7.501,8.246,-0.745,2026-09-21,synthetic_from_eia,https://www.openstreetmap.org/node/4677764287
node/4694563579,Hume Lake Gas Station,36.7874053,-118.9137966,diesel,7.863,8.246,-0.383,2026-09-21,synthetic_from_eia,https://www.openstreetmap.org/node/4694563579
node/4694563579,Hume Lake Gas Station,36.7874053,-118.9137966,regular,6.801,6.003,+0.798,2026-09-21,synthetic_from_eia,https://www.openstreetmap.org/node/4694563579
node/4780209821,Chevron,35.6477909,-117.8097160,diesel,8.838,8.246,+0.592,2026-09-21,synthetic_from_eia,https://www.openstreetmap.org/node/4780209821
node/4780209821,Chevron,35.6477909,-117.8097160,midgrade,6.997,6.276,+0.721,2026-09-21,synthetic_from_eia,https://www.openstreetmap.org/node/4780209821
node/4780209821,Chevron,35.6477909,-117.8097160,premium,7.267,6.469,+0.798,2026-09-21,synthetic_from_eia,https://www.openstreetmap.org/node/4780209821
node/4780209821,Chevron,35.6477909,-117.8097160,regular,5.423,6.003,-0.580,2026-09-21,synthetic_from_eia,https://www.openstreetmap.org/node/4780209821
node/5009361865,The Claim Jumper Outpost,37.8240351,-120.2574431,diesel,7.745,8.246,-0.501,2026-09-21,synthetic_from_eia,https://www.openstreetmap.org/node/5009361865
node/5009361865,The Claim Jumper Outpost,37.8240351,-120.2574431,midgrade,5.482,6.276,-0.794,2026-09-21,synthetic_from_eia,https://www.openstreetmap.org/node/5009361865
node/5009361865,The Claim Jumper Outpost,37.8240351,-120.2574431,premium,7.029,6.469,+0.560,2026-09-21,synthetic_from_eia,https://www.openstreetmap.org/node/5009361865
node/5009361865,The Claim Jumper Outpost,37.8240351,-120.2574431,regular,6.771,6.003,+0.768,2026-09-21,synthetic_from_eia,https://www.openstreetmap.org/node/5009361865
node/5214515271,Good Point,32.7214563,-117.2321858,midgrade,6.089,6.276,-0.187,2026-09-21,synthetic_from_eia,https://www.openstreetmap.org/node/5214515271
node/5214515271,Good Point,32.7214563,-117.2321858,premium,6.710,6.469,+0.241,2026-09-21,synthetic_from_eia,https://www.openstreetmap.org/node/5214515271
node/5214515271,Good Point,32.7214563,-117.2321858,regular,5.312,6.003,-0.691,2026-09-21,synthetic_from_eia,https://www.openstreetmap.org/node/5214515271
node/5301057567,Skywood Gas,37.3865431,-122.2639881,midgrade,7.136,6.276,+0.860,2026-09-21,synthetic_from_eia,https://www.openstreetmap.org/node/5301057567
node/5301057567,Skywood Gas,37.3865431,-122.2639881,premium,7.198,6.469,+0.729,2026-09-21,synthetic_from_eia,https://www.openstreetmap.org/node/5301057567
node/5301057567,Skywood Gas,37.3865431,-122.2639881,regular,6.955,6.003,+0.952,2026-09-21,synthetic_from_eia,https://www.openstreetmap.org/node/5301057567
node/5327261633,Chevron,37.3802422,-121.9963390,midgrade,6.898,6.276,+0.622,2026-09-21,synthetic_from_eia,https://www.openstreetmap.org/node/5327261633
node/5327261633,Chevron,37.3802422,-121.9963390,premium,7.232,6.469,+0.763,2026-09-21,synthetic_from_eia,https://www.openstreetmap.org/node/5327261633
node/5327261633,Chevron,37.3802422,-121.9963390,regular,5.053,6.003,-0.950,2026-09-21,synthetic_from_eia,https://www.openstreetmap.org/node/5327261633
node/5355592673,City of Davis fuel station,38.5490741,-121.7308426,diesel,8.719,8.246,+0.473,2026-09-21,synthetic_from_eia,https://www.openstreetmap.org/node/5355592673
node/5355592673,City of Davis fuel station,38.5490741,-121.7308426,regular,5.667,6.003,-0.336,2026-09-21,synthetic_from_eia,https://www.openstreetmap.org/node/5355592673
node/5695519803,Chevron,35.6503571,-117.6701132,diesel,9.108,8.246,+0.862,2026-09-21,synthetic_from_eia,https://www.openstreetmap.org/node/5695519803
node/5695519803,Chevron,35.6503571,-117.6701132,midgrade,6.880,6.276,+0.604,2026-09-21,synthetic_from_eia,https://www.openstreetmap.org/node/5695519803
node/5695519803,Chevron,35.6503571,-117.6701132,premium,7.197,6.469,+0.728,2026-09-21,synthetic_from_eia,https://www.openstreetmap.org/node/5695519803
node/5695519803,Chevron,35.6503571,-117.6701132,regular,6.624,6.003,+0.621,2026-09-21,synthetic_from_eia,https://www.openstreetmap.org/node/5695519803
node/5697266024,Stony Creek Gasoline,36.6639252,-118.8409173,diesel,7.780,8.246,-0.466,2026-09-21,synthetic_from_eia,https://www.openstreetmap.org/node/5697266024
node/5697266024,Stony Creek Gasoline,36.6639252,-118.8409173,midgrade,6.851,6.276,+0.575,2026-09-21,synthetic_from_eia,https://www.openstreetmap.org/node/5697266024
node/5697266024,Stony Creek Gasoline,36.6639252,-118.8409173,premium,5.685,6.469,-0.784,2026-09-21,synthetic_from_eia,https://www.openstreetmap.org/node/5697266024
node/5697266024,Stony Creek Gasoline,36.6639252,-118.8409173,regular,6.747,6.003,+0.744,2026-09-21,synthetic_from_eia,https://www.openstreetmap.org/node/5697266024
node/5715739068,Shell,33.5908669,-117.1238736,diesel,8.963,8.246,+0.717,2026-09-21,synthetic_from_eia,https://www.openstreetmap.org/node/5715739068
node/5860137458,Jackson's Service Center,40.4143031,-120.6450410,diesel,7.691,8.246,-0.555,2026-09-21,synthetic_from_eia,https://www.openstreetmap.org/node/5860137458
node/5860137458,Jackson's Service Center,40.4143031,-120.6450410,regular,6.636,6.003,+0.633,2026-09-21,synthetic_from_eia,https://www.openstreetmap.org/node/5860137458
node/5893896257,El Gallo Petrol,32.6054081,-117.0662436,midgrade,6.197,6.276,-0.079,2026-09-21,synthetic_from_eia,https://www.openstreetmap.org/node/5893896257
node/5893896257,El Gallo Petrol,32.6054081,-117.0662436,premium,6.079,6.469,-0.390,2026-09-21,synthetic_from_eia,https://www.openstreetmap.org/node/5893896257
node/5893896257,El Gallo Petrol,32.6054081,-117.0662436,regular,6.594,6.003,+0.591,2026-09-21,synthetic_from_eia,https://www.openstreetmap.org/node/5893896257
node/6025588519,Chevron,32.6015451,-117.0648840,midgrade,5.731,6.276,-0.545,2026-09-21,synthetic_from_eia,https://www.openstreetmap.org/node/6025588519
node/6025588519,Chevron,32.6015451,-117.0648840,premium,5.516,6.469,-0.953,2026-09-21,synthetic_from_eia,https://www.openstreetmap.org/node/6025588519
node/6025588519,Chevron,32.6015451,-117.0648840,regular,5.389,6.003,-0.614,2026-09-21,synthetic_from_eia,https://www.openstreetmap.org/node/6025588519
node/6028644068,US Super Gas,32.6050258,-117.0390094,midgrade,5.933,6.276,-0.343,2026-09-21,synthetic_from_eia,https://www.openstreetmap.org/node/6028644068
node/6028644068,US Super Gas,32.6050258,-117.0390094,premium,7.198,6.469,+0.729,2026-09-21,synthetic_from_eia,https://www.openstreetmap.org/node/6028644068
node/6028644068,US Super Gas,32.6050258,-117.0390094,regular,6.937,6.003,+0.934,2026-09-21,synthetic_from_eia,https://www.openstreetmap.org/node/6028644068
node/6276871626,Speedway Express,34.0905918,-118.3550730,diesel,7.804,8.246,-0.442,2026-09-21,synthetic_from_eia,https://www.openstreetmap.org/node/6276871626
node/6276871626,Speedway Express,34.0905918,-118.3550730,midgrade,6.559,6.276,+0.283,2026-09-21,synthetic_from_eia,https://www.openstreetmap.org/node/6276871626
node/6276871626,Speedway Express,34.0905918,-118.3550730,premium,6.268,6.469,-0.201,2026-09-21,synthetic_from_eia,https://www.openstreetmap.org/node/6276871626
node/6276871626,Speedway Express,34.0905918,-118.3550730,regular,6.965,6.003,+0.962,2026-09-21,synthetic_from_eia,https://www.openstreetmap.org/node/6276871626
node/6515610985,Propel,37.3555532,-121.9046390,diesel,8.318,8.246,+0.072,2026-09-21,synthetic_from_eia,https://www.openstreetmap.org/node/6515610985
node/6527649385,Arco,33.8979008,-117.4709310,diesel,9.124,8.246,+0.878,2026-09-21,synthetic_from_eia,https://www.openstreetmap.org/node/6527649385
node/6527649385,Arco,33.8979008,-117.4709310,midgrade,5.507,6.276,-0.769,2026-09-21,synthetic_from_eia,https://www.openstreetmap.org/node/6527649385
node/6527649385,Arco,33.8979008,-117.4709310,premium,7.410,6.469,+0.941,2026-09-21,synthetic_from_eia,https://www.openstreetmap.org/node/6527649385
node/6527649385,Arco,33.8979008,-117.4709310,regular,5.360,6.003,-0.643,2026-09-21,synthetic_from_eia,https://www.openstreetmap.org/node/6527649385
node/6553403702,Speedway Gas,33.9771312,-117.3797275,midgrade,7.201,6.276,+0.925,2026-09-21,synthetic_from_eia,https://www.openstreetmap.org/node/6553403702
node/6553403702,Speedway Gas,33.9771312,-117.3797275,premium,6.000,6.469,-0.469,2026-09-21,synthetic_from_eia,https://www.openstreetmap.org/node/6553403702
node/6553403702,Speedway Gas,33.9771312,-117.3797275,regular,5.220,6.003,-0.783,2026-09-21,synthetic_from_eia,https://www.openstreetmap.org/node/6553403702
node/6632712543,Shell,33.9607302,-117.3922230,diesel,8.115,8.246,-0.131,2026-09-21,synthetic_from_eia,https://www.openstreetmap.org/node/6632712543
node/6632712543,Shell,33.9607302,-117.3922230,midgrade,6.733,6.276,+0.457,2026-09-21,synthetic_from_eia,https://www.openstreetmap.org/node/6632712543
node/6632712543,Shell,33.9607302,-117.3922230,premium,6.096,6.469,-0.373,2026-09-21,synthetic_from_eia,https://www.openstreetmap.org/node/6632712543
node/6632712543,Shell,33.9607302,-117.3922230,regular,6.215,6.003,+0.212,2026-09-21,synthetic_from_eia,https://www.openstreetmap.org/node/6632712543
node/6632729979,76,33.9832031,-117.3418605,midgrade,6.299,6.276,+0.023,2026-09-21,synthetic_from_eia,https://www.openstreetmap.org/node/6632729979
node/6632729979,76,33.9832031,-117.3418605,premium,6.239,6.469,-0.230,2026-09-21,synthetic_from_eia,https://www.openstreetmap.org/node/6632729979
node/6632729979,76,33.9832031,-117.3418605,regular,6.156,6.003,+0.153,2026-09-21,synthetic_from_eia,https://www.openstreetmap.org/node/6632729979
node/6632730055,76,33.9457291,-117.4343200,midgrade,5.785,6.276,-0.491,2026-09-21,synthetic_from_eia,https://www.openstreetmap.org/node/6632730055
node/6632730055,76,33.9457291,-117.4343200,premium,6.887,6.469,+0.418,2026-09-21,synthetic_from_eia,https://www.openstreetmap.org/node/6632730055
node/6632730055,76,33.9457291,-117.4343200,regular,5.006,6.003,-0.997,2026-09-21,synthetic_from_eia,https://www.openstreetmap.org/node/6632730055
node/6632731117,Chevron,33.9738910,-117.3740553,diesel,9.097,8.246,+0.851,2026-09-21,synthetic_from_eia,https://www.openstreetmap.org/node/6632731117
node/6632731117,Chevron,33.9738910,-117.3740553,midgrade,6.353,6.276,+0.077,2026-09-21,synthetic_from_eia,https://www.openstreetmap.org/node/6632731117
node/6632731117,Chevron,33.9738910,-117.3740553,premium,6.908,6.469,+0.439,2026-09-21,synthetic_from_eia,https://www.openstreetmap.org/node/6632731117
node/6632731117,Chevron,33.9738910,-117.3740553,regular,6.487,6.003,+0.484,2026-09-21,synthetic_from_eia,https://www.openstreetmap.org/node/6632731117
node/6632740758,ARCO,33.9827840,-117.3414879,diesel,8.587,8.246,+0.341,2026-09-21,synthetic_from_eia,https://www.openstreetmap.org/node/6632740758
node/6632740758,ARCO,33.9827840,-117.3414879,midgrade,6.004,6.276,-0.272,2026-09-21,synthetic_from_eia,https://www.openstreetmap.org/node/6632740758
node/6632740758,ARCO,33.9827840,-117.3414879,premium,5.609,6.469,-0.860,2026-09-21,synthetic_from_eia,https://www.openstreetmap.org/node/6632740758
node/6632740758,ARCO,33.9827840,-117.3414879,regular,6.331,6.003,+0.328,2026-09-21,synthetic_from_eia,https://www.openstreetmap.org/node/6632740758
node/6632750680,76,33.9952042,-117.3650120,diesel,7.906,8.246,-0.340,2026-09-21,synthetic_from_eia,https://www.openstreetmap.org/node/6632750680
node/6632750680,76,33.9952042,-117.3650120,midgrade,5.904,6.276,-0.372,2026-09-21,synthetic_from_eia,https://www.openstreetmap.org/node/6632750680
node/6632750680,76,33.9952042,-117.3650120,premium,7.165,6.469,+0.696,2026-09-21,synthetic_from_eia,https://www.openstreetmap.org/node/6632750680
node/6632750680,76,33.9952042,-117.3650120,regular,6.443,6.003,+0.440,2026-09-21,synthetic_from_eia,https://www.openstreetmap.org/node/6632750680
node/6632754634,Kwik Serv,34.0006622,-117.3644678,midgrade,5.877,6.276,-0.399,2026-09-21,synthetic_from_eia,https://www.openstreetmap.org/node/6632754634
node/6632754634,Kwik Serv,34.0006622,-117.3644678,premium,6.088,6.469,-0.381,2026-09-21,synthetic_from_eia,https://www.openstreetmap.org/node/6632754634
node/6632754634,Kwik Serv,34.0006622,-117.3644678,regular,5.820,6.003,-0.183,2026-09-21,synthetic_from_eia,https://www.openstreetmap.org/node/6632754634
node/6632765787,76,33.8982132,-117.4941690,midgrade,6.081,6.276,-0.195,2026-09-21,synthetic_from_eia,https://www.openstreetmap.org/node/6632765787
node/6632765787,76,33.8982132,-117.4941690,premium,6.060,6.469,-0.409,2026-09-21,synthetic_from_eia,https://www.openstreetmap.org/node/6632765787
node/6632765787,76,33.8982132,-117.4941690,regular,5.258,6.003,-0.745,2026-09-21,synthetic_from_eia,https://www.openstreetmap.org/node/6632765787
node/6683468406,76,37.9390303,-120.6078580,diesel,8.087,8.246,-0.159,2026-09-21,synthetic_from_eia,https://www.openstreetmap.org/node/6683468406
node/6683468406,76,37.9390303,-120.6078580,midgrade,7.157,6.276,+0.881,2026-09-21,synthetic_from_eia,https://www.openstreetmap.org/node/6683468406
node/6683468406,76,37.9390303,-120.6078580,premium,6.824,6.469,+0.355,2026-09-21,synthetic_from_eia,https://www.openstreetmap.org/node/6683468406
node/6683468406,76,37.9390303,-120.6078580,regular,6.809,6.003,+0.806,2026-09-21,synthetic_from_eia,https://www.openstreetmap.org/node/6683468406
node/6784216894,Valero,32.7294210,-117.1733570,diesel,8.477,8.246,+0.231,2026-09-21,synthetic_from_eia,https://www.openstreetmap.org/node/6784216894
node/6784216894,Valero,32.7294210,-117.1733570,regular,5.605,6.003,-0.398,2026-09-21,synthetic_from_eia,https://www.openstreetmap.org/node/6784216894
node/6959338201,Shell,37.3002465,-120.4952540,premium,6.565,6.469,+0.096,2026-09-21,synthetic_from_eia,https://www.openstreetmap.org/node/6959338201
node/7374219847,Shell,40.1834042,-122.2196090,regular,5.004,6.003,-0.999,2026-09-21,synthetic_from_eia,https://www.openstreetmap.org/node/7374219847
node/7537842739,Chevron,38.7137192,-121.3640635,diesel,7.820,8.246,-0.426,2026-09-21,synthetic_from_eia,https://www.openstreetmap.org/node/7537842739
node/7537842739,Chevron,38.7137192,-121.3640635,midgrade,6.136,6.276,-0.140,2026-09-21,synthetic_from_eia,https://www.openstreetmap.org/node/7537842739
node/7537842739,Chevron,38.7137192,-121.3640635,premium,6.629,6.469,+0.160,2026-09-21,synthetic_from_eia,https://www.openstreetmap.org/node/7537842739
node/7537842739,Chevron,38.7137192,-121.3640635,regular,6.312,6.003,+0.309,2026-09-21,synthetic_from_eia,https://www.openstreetmap.org/node/7537842739
node/7654719028,Valero,38.3479496,-122.7100707,midgrade,6.206,6.276,-0.070,2026-09-21,synthetic_from_eia,https://www.openstreetmap.org/node/7654719028
node/7654719028,Valero,38.3479496,-122.7100707,regular,5.887,6.003,-0.116,2026-09-21,synthetic_from_eia,https://www.openstreetmap.org/node/7654719028
node/8198312797,Chevron,37.3377989,-121.8878751,midgrade,5.703,6.276,-0.573,2026-09-21,synthetic_from_eia,https://www.openstreetmap.org/node/8198312797
node/8198312797,Chevron,37.3377989,-121.8878751,premium,6.415,6.469,-0.054,2026-09-21,synthetic_from_eia,https://www.openstreetmap.org/node/8198312797
node/8198312797,Chevron,37.3377989,-121.8878751,regular,6.805,6.003,+0.802,2026-09-21,synthetic_from_eia,https://www.openstreetmap.org/node/8198312797
node/8229478431,Chevron,37.2506878,-121.8584972,diesel,8.838,8.246,+0.592,2026-09-21,synthetic_from_eia,https://www.openstreetmap.org/node/8229478431
node/8229478431,Chevron,37.2506878,-121.8584972,regular,5.342,6.003,-0.661,2026-09-21,synthetic_from_eia,https://www.openstreetmap.org/node/8229478431
node/8639265345,Chevron,33.9582672,-117.4617191,diesel,7.416,8.246,-0.830,2026-09-21,synthetic_from_eia,https://www.openstreetmap.org/node/8639265345
node/8639265345,Chevron,33.9582672,-117.4617191,midgrade,6.307,6.276,+0.031,2026-09-21,synthetic_from_eia,https://www.openstreetmap.org/node/8639265345
node/8639265345,Chevron,33.9582672,-117.4617191,premium,6.735,6.469,+0.266,2026-09-21,synthetic_from_eia,https://www.openstreetmap.org/node/8639265345
node/8639265345,Chevron,33.9582672,-117.4617191,regular,5.673,6.003,-0.330,2026-09-21,synthetic_from_eia,https://www.openstreetmap.org/node/8639265345
node/8677837948,Cardlock: 133 Lower Grass Valley Road,39.2472691,-121.0262361,diesel,8.883,8.246,+0.637,2026-09-21,synthetic_from_eia,https://www.openstreetmap.org/node/8677837948
node/8677837948,Cardlock: 133 Lower Grass Valley Road,39.2472691,-121.0262361,premium,6.971,6.469,+0.502,2026-09-21,synthetic_from_eia,https://www.openstreetmap.org/node/8677837948
node/8677837948,Cardlock: 133 Lower Grass Valley Road,39.2472691,-121.0262361,regular,6.349,6.003,+0.346,2026-09-21,synthetic_from_eia,https://www.openstreetmap.org/node/8677837948
node/8946007925,(unnamed),38.7086087,-123.0194291,midgrade,5.725,6.276,-0.551,2026-09-21,synthetic_from_eia,https://www.openstreetmap.org/node/8946007925
node/9156015829,Arco,33.9164933,-117.4425532,diesel,7.644,8.246,-0.602,2026-09-21,synthetic_from_eia,https://www.openstreetmap.org/node/9156015829
node/9156015829,Arco,33.9164933,-117.4425532,midgrade,5.325,6.276,-0.951,2026-09-21,synthetic_from_eia,https://www.openstreetmap.org/node/9156015829
node/9156015829,Arco,33.9164933,-117.4425532,premium,5.959,6.469,-0.510,2026-09-21,synthetic_from_eia,https://www.openstreetmap.org/node/9156015829
node/9156015829,Arco,33.9164933,-117.4425532,regular,5.953,6.003,-0.050,2026-09-21,synthetic_from_eia,https://www.openstreetmap.org/node/9156015829
node/9178086820,7-Eleven,32.6760048,-115.4984911,midgrade,6.975,6.276,+0.699,2026-09-21,synthetic_from_eia,https://www.openstreetmap.org/node/9178086820
node/9178086820,7-Eleven,32.6760048,-115.4984911,premium,5.615,6.469,-0.854,2026-09-21,synthetic_from_eia,https://www.openstreetmap.org/node/9178086820
node/9178086820,7-Eleven,32.6760048,-115.4984911,regular,5.832,6.003,-0.171,2026-09-21,synthetic_from_eia,https://www.openstreetmap.org/node/9178086820
node/9178200809,Chevron,33.9149798,-117.4643035,diesel,8.506,8.246,+0.260,2026-09-21,synthetic_from_eia,https://www.openstreetmap.org/node/9178200809
node/9178200809,Chevron,33.9149798,-117.4643035,midgrade,5.665,6.276,-0.611,2026-09-21,synthetic_from_eia,https://www.openstreetmap.org/node/9178200809
node/9178200809,Chevron,33.9149798,-117.4643035,premium,6.862,6.469,+0.393,2026-09-21,synthetic_from_eia,https://www.openstreetmap.org/node/9178200809
node/9178200809,Chevron,33.9149798,-117.4643035,regular,5.992,6.003,-0.011,2026-09-21,synthetic_from_eia,https://www.openstreetmap.org/node/9178200809
node/9178312664,Speedway,33.9533708,-117.3903865,midgrade,5.764,6.276,-0.512,2026-09-21,synthetic_from_eia,https://www.openstreetmap.org/node/9178312664
node/9178312664,Speedway,33.9533708,-117.3903865,premium,6.781,6.469,+0.312,2026-09-21,synthetic_from_eia,https://www.openstreetmap.org/node/9178312664
node/9178312664,Speedway,33.9533708,-117.3903865,regular,5.014,6.003,-0.989,2026-09-21,synthetic_from_eia,https://www.openstreetmap.org/node/9178312664
node/9347651882,Chevron,33.9042585,-117.4940308,diesel,8.748,8.246,+0.502,2026-09-21,synthetic_from_eia,https://www.openstreetmap.org/node/9347651882
node/9347651882,Chevron,33.9042585,-117.4940308,midgrade,6.816,6.276,+0.540,2026-09-21,synthetic_from_eia,https://www.openstreetmap.org/node/9347651882
node/9347651882,Chevron,33.9042585,-117.4940308,premium,5.682,6.469,-0.787,2026-09-21,synthetic_from_eia,https://www.openstreetmap.org/node/9347651882
node/9347651882,Chevron,33.9042585,-117.4940308,regular,5.853,6.003,-0.150,2026-09-21,synthetic_from_eia,https://www.openstreetmap.org/node/9347651882
node/9377505023,(unnamed),32.7189649,-117.1461346,diesel,7.598,8.246,-0.648,2026-09-21,synthetic_from_eia,https://www.openstreetmap.org/node/9377505023
node/9377505023,(unnamed),32.7189649,-117.1461346,premium,7.385,6.469,+0.916,2026-09-21,synthetic_from_eia,https://www.openstreetmap.org/node/9377505023
node/9520966406,7-Eleven,33.9339874,-117.4544890,diesel,8.282,8.246,+0.036,2026-09-21,synthetic_from_eia,https://www.openstreetmap.org/node/9520966406
node/9520966406,7-Eleven,33.9339874,-117.4544890,midgrade,5.376,6.276,-0.900,2026-09-21,synthetic_from_eia,https://www.openstreetmap.org/node/9520966406
node/9520966406,7-Eleven,33.9339874,-117.4544890,premium,5.967,6.469,-0.502,2026-09-21,synthetic_from_eia,https://www.openstreetmap.org/node/9520966406
node/9520966406,7-Eleven,33.9339874,-117.4544890,regular,6.700,6.003,+0.697,2026-09-21,synthetic_from_eia,https://www.openstreetmap.org/node/9520966406
node/9520966407,Speedway,33.9346421,-117.4543184,midgrade,6.189,6.276,-0.087,2026-09-21,synthetic_from_eia,https://www.openstreetmap.org/node/9520966407
node/9520966407,Speedway,33.9346421,-117.4543184,premium,7.072,6.469,+0.603,2026-09-21,synthetic_from_eia,https://www.openstreetmap.org/node/9520966407
node/9520966407,Speedway,33.9346421,-117.4543184,regular,6.338,6.003,+0.335,2026-09-21,synthetic_from_eia,https://www.openstreetmap.org/node/9520966407
node/9571508927,Marathon,38.0043000,-122.3043827,midgrade,7.252,6.276,+0.976,2026-09-21,synthetic_from_eia,https://www.openstreetmap.org/node/9571508927
node/9571508927,Marathon,38.0043000,-122.3043827,premium,6.660,6.469,+0.191,2026-09-21,synthetic_from_eia,https://www.openstreetmap.org/node/9571508927
node/9571508927,Marathon,38.0043000,-122.3043827,regular,6.903,6.003,+0.900,2026-09-21,synthetic_from_eia,https://www.openstreetmap.org/node/9571508927
node/9571838929,Chevron,37.6679437,-121.0323420,midgrade,7.059,6.276,+0.783,2026-09-21,synthetic_from_eia,https://www.openstreetmap.org/node/9571838929
node/9571838929,Chevron,37.6679437,-121.0323420,premium,6.694,6.469,+0.225,2026-09-21,synthetic_from_eia,https://www.openstreetmap.org/node/9571838929
node/9582179796,Shell,33.9022876,-118.0288440,diesel,8.685,8.246,+0.439,2026-09-21,synthetic_from_eia,https://www.openstreetmap.org/node/9582179796
node/9582179796,Shell,33.9022876,-118.0288440,premium,6.479,6.469,+0.010,2026-09-21,synthetic_from_eia,https://www.openstreetmap.org/node/9582179796
node/9582179796,Shell,33.9022876,-118.0288440,regular,6.664,6.003,+0.661,2026-09-21,synthetic_from_eia,https://www.openstreetmap.org/node/9582179796
node/9627376188,Shell,34.1725125,-118.3796502,diesel,8.342,8.246,+0.096,2026-09-21,synthetic_from_eia,https://www.openstreetmap.org/node/9627376188
node/9627376188,Shell,34.1725125,-118.3796502,regular,6.797,6.003,+0.794,2026-09-21,synthetic_from_eia,https://www.openstreetmap.org/node/9627376188
node/9641477449,NEX Autoport,32.6912872,-117.1251031,diesel,8.733,8.246,+0.487,2026-09-21,synthetic_from_eia,https://www.openstreetmap.org/node/9641477449
node/9641477449,NEX Autoport,32.6912872,-117.1251031,midgrade,6.225,6.276,-0.051,2026-09-21,synthetic_from_eia,https://www.openstreetmap.org/node/9641477449
node/9641477449,NEX Autoport,32.6912872,-117.1251031,premium,5.987,6.469,-0.482,2026-09-21,synthetic_from_eia,https://www.openstreetmap.org/node/9641477449
node/9641477449,NEX Autoport,32.6912872,-117.1251031,regular,5.497,6.003,-0.506,2026-09-21,synthetic_from_eia,https://www.openstreetmap.org/node/9641477449
node/9776304478,Chevron,34.0699854,-117.4531487,midgrade,6.551,6.276,+0.275,2026-09-21,synthetic_from_eia,https://www.openstreetmap.org/node/9776304478
node/9776304478,Chevron,34.0699854,-117.4531487,premium,7.001,6.469,+0.532,2026-09-21,synthetic_from_eia,https://www.openstreetmap.org/node/9776304478
node/9776304478,Chevron,34.0699854,-117.4531487,regular,6.046,6.003,+0.043,2026-09-21,synthetic_from_eia,https://www.openstreetmap.org/node/9776304478
node/9791528061,Valero,36.6995479,-121.6522727,midgrade,6.529,6.276,+0.253,2026-09-21,synthetic_from_eia,https://www.openstreetmap.org/node/9791528061
node/9791528061,Valero,36.6995479,-121.6522727,premium,6.018,6.469,-0.451,2026-09-21,synthetic_from_eia,https://www.openstreetmap.org/node/9791528061
node/9791528061,Valero,36.6995479,-121.6522727,regular,5.158,6.003,-0.845,2026-09-21,synthetic_from_eia,https://www.openstreetmap.org/node/9791528061
node/9892731439,Sinclair,40.4147459,-120.6466760,diesel,7.817,8.246,-0.429,2026-09-21,synthetic_from_eia,https://www.openstreetmap.org/node/9892731439
node/9892731439,Sinclair,40.4147459,-120.6466760,regular,5.546,6.003,-0.457,2026-09-21,synthetic_from_eia,https://www.openstreetmap.org/node/9892731439
node/9892731441,Gulf,40.4137854,-120.6402822,diesel,7.885,8.246,-0.361,2026-09-21,synthetic_from_eia,https://www.openstreetmap.org/node/9892731441
node/9892731441,Gulf,40.4137854,-120.6402822,regular,6.083,6.003,+0.080,2026-09-21,synthetic_from_eia,https://www.openstreetmap.org/node/9892731441
node/9941003179,F T I Arco Gas Station,37.7138712,-122.4359970,midgrade,5.553,6.276,-0.723,2026-09-21,synthetic_from_eia,https://www.openstreetmap.org/node/9941003179
node/9941003179,F T I Arco Gas Station,37.7138712,-122.4359970,premium,5.932,6.469,-0.537,2026-09-21,synthetic_from_eia,https://www.openstreetmap.org/node/9941003179
node/9941003179,F T I Arco Gas Station,37.7138712,-122.4359970,regular,6.391,6.003,+0.388,2026-09-21,synthetic_from_eia,https://www.openstreetmap.org/node/9941003179
node/9962311256,Sinclair,36.0801045,-119.0493533,diesel,8.659,8.246,+0.413,2026-09-21,synthetic_from_eia,https://www.openstreetmap.org/node/9962311256
node/9962311256,Sinclair,36.0801045,-119.0493533,regular,5.131,6.003,-0.872,2026-09-21,synthetic_from_eia,https://www.openstreetmap.org/node/9962311256
node/9980716208,F1 Fuel,38.5498195,-121.5058674,midgrade,6.091,6.276,-0.185,2026-09-21,synthetic_from_eia,https://www.openstreetmap.org/node/9980716208
node/9980716208,F1 Fuel,38.5498195,-121.5058674,premium,6.554,6.469,+0.085,2026-09-21,synthetic_from_eia,https://www.openstreetmap.org/node/9980716208
node/9980716208,F1 Fuel,38.5498195,-121.5058674,regular,5.835,6.003,-0.168,2026-09-21,synthetic_from_eia,https://www.openstreetmap.org/node/9980716208
node/9981071513,Mobil,33.9266188,-117.4184333,diesel,7.660,8.246,-0.586,2026-09-21,synthetic_from_eia,https://www.openstreetmap.org/node/9981071513
node/9981071513,Mobil,33.9266188,-117.4184333,midgrade,6.116,6.276,-0.160,2026-09-21,synthetic_from_eia,https://www.openstreetmap.org/node/9981071513
node/9981071513,Mobil,33.9266188,-117.4184333,premium,7.279,6.469,+0.810,2026-09-21,synthetic_from_eia,https://www.openstreetmap.org/node/9981071513
node/9981071513,Mobil,33.9266188,-117.4184333,regular,6.171,6.003,+0.168,2026-09-21,synthetic_from_eia,https://www.openstreetmap.org/node/9981071513
node/10065677044,Shell,34.2031758,-119.1268363,diesel,8.637,8.246,+0.391,2026-09-21,synthetic_from_eia,https://www.openstreetmap.org/node/10065677044
node/10065677044,Shell,34.2031758,-119.1268363,midgrade,6.989,6.276,+0.713,2026-09-21,synthetic_from_eia,https://www.openstreetmap.org/node/10065677044
node/10065677044,Shell,34.2031758,-119.1268363,premium,7.000,6.469,+0.531,2026-09-21,synthetic_from_eia,https://www.openstreetmap.org/node/10065677044
node/10065677044,Shell,34.2031758,-119.1268363,regular,5.764,6.003,-0.239,2026-09-21,synthetic_from_eia,https://www.openstreetmap.org/node/10065677044
node/10158422508,76,32.7968365,-115.5783566,midgrade,5.288,6.276,-0.988,2026-09-21,synthetic_from_eia,https://www.openstreetmap.org/node/10158422508
node/10158422508,76,32.7968365,-115.5783566,premium,6.173,6.469,-0.296,2026-09-21,synthetic_from_eia,https://www.openstreetmap.org/node/10158422508
node/10158422508,76,32.7968365,-115.5783566,regular,6.510,6.003,+0.507,2026-09-21,synthetic_from_eia,https://www.openstreetmap.org/node/10158422508
node/10266317591,TA,33.7133130,-116.1758494,diesel,8.953,8.246,+0.707,2026-09-21,synthetic_from_eia,https://www.openstreetmap.org/node/10266317591
node/10285309348,7-Eleven,33.9080861,-117.4370309,diesel,9.153,8.246,+0.907,2026-09-21,synthetic_from_eia,https://www.openstreetmap.org/node/10285309348
node/10285309348,7-Eleven,33.9080861,-117.4370309,midgrade,6.114,6.276,-0.162,2026-09-21,synthetic_from_eia,https://www.openstreetmap.org/node/10285309348
node/10285309348,7-Eleven,33.9080861,-117.4370309,premium,6.964,6.469,+0.495,2026-09-21,synthetic_from_eia,https://www.openstreetmap.org/node/10285309348
node/10285309348,7-Eleven,33.9080861,-117.4370309,regular,6.095,6.003,+0.092,2026-09-21,synthetic_from_eia,https://www.openstreetmap.org/node/10285309348
node/10311964896,Buttermilk Acres Gas Station,35.6514220,-117.7471598,diesel,8.453,8.246,+0.207,2026-09-21,synthetic_from_eia,https://www.openstreetmap.org/node/10311964896
node/10311964896,Buttermilk Acres Gas Station,35.6514220,-117.7471598,midgrade,5.717,6.276,-0.559,2026-09-21,synthetic_from_eia,https://www.openstreetmap.org/node/10311964896
node/10311964896,Buttermilk Acres Gas Station,35.6514220,-117.7471598,premium,5.908,6.469,-0.561,2026-09-21,synthetic_from_eia,https://www.openstreetmap.org/node/10311964896
node/10311964896,Buttermilk Acres Gas Station,35.6514220,-117.7471598,regular,5.875,6.003,-0.128,2026-09-21,synthetic_from_eia,https://www.openstreetmap.org/node/10311964896
node/10576482946,(unnamed),34.1017517,-117.4332353,regular,5.061,6.003,-0.942,2026-09-21,synthetic_from_eia,https://www.openstreetmap.org/node/10576482946
node/10605661854,Chevron,34.2151797,-118.8597395,diesel,7.918,8.246,-0.328,2026-09-21,synthetic_from_eia,https://www.openstreetmap.org/node/10605661854
node/10605661854,Chevron,34.2151797,-118.8597395,midgrade,6.634,6.276,+0.358,2026-09-21,synthetic_from_eia,https://www.openstreetmap.org/node/10605661854
node/10605661854,Chevron,34.2151797,-118.8597395,premium,6.278,6.469,-0.191,2026-09-21,synthetic_from_eia,https://www.openstreetmap.org/node/10605661854
node/10605661854,Chevron,34.2151797,-118.8597395,regular,5.333,6.003,-0.670,2026-09-21,synthetic_from_eia,https://www.openstreetmap.org/node/10605661854
node/10647989139,76,33.4132063,-117.6006936,diesel,8.181,8.246,-0.065,2026-09-21,synthetic_from_eia,https://www.openstreetmap.org/node/10647989139
node/10692452248,Arco,33.9957224,-117.3649832,diesel,7.501,8.246,-0.745,2026-09-21,synthetic_from_eia,https://www.openstreetmap.org/node/10692452248
node/10692452248,Arco,33.9957224,-117.3649832,midgrade,6.521,6.276,+0.245,2026-09-21,synthetic_from_eia,https://www.openstreetmap.org/node/10692452248
node/10692452248,Arco,33.9957224,-117.3649832,premium,5.523,6.469,-0.946,2026-09-21,synthetic_from_eia,https://www.openstreetmap.org/node/10692452248
node/10692452248,Arco,33.9957224,-117.3649832,regular,5.791,6.003,-0.212,2026-09-21,synthetic_from_eia,https://www.openstreetmap.org/node/10692452248
node/10773679495,Arco,33.6954170,-117.7635700,diesel,8.375,8.246,+0.129,2026-09-21,synthetic_from_eia,https://www.openstreetmap.org/node/10773679495
node/10798641570,Propel Fuel,38.5633305,-121.4977609,diesel,7.300,8.246,-0.946,2026-09-21,synthetic_from_eia,https://www.openstreetmap.org/node/10798641570
node/10805811166,Shell,33.6154962,-117.7061490,diesel,8.531,8.246,+0.285,2026-09-21,synthetic_from_eia,https://www.openstreetmap.org/node/10805811166
node/10805811166,Shell,33.6154962,-117.7061490,midgrade,5.547,6.276,-0.729,2026-09-21,synthetic_from_eia,https://www.openstreetmap.org/node/10805811166
node/10805811166,Shell,33.6154962,-117.7061490,premium,6.392,6.469,-0.077,2026-09-21,synthetic_from_eia,https://www.openstreetmap.org/node/10805811166
node/10805811166,Shell,33.6154962,-117.7061490,regular,5.104,6.003,-0.899,2026-09-21,synthetic_from_eia,https://www.openstreetmap.org/node/10805811166
node/10805905436,Chevron,33.6156455,-117.7075482,diesel,8.004,8.246,-0.242,2026-09-21,synthetic_from_eia,https://www.openstreetmap.org/node/10805905436
node/10805905436,Chevron,33.6156455,-117.7075482,midgrade,5.699,6.276,-0.577,2026-09-21,synthetic_from_eia,https://www.openstreetmap.org/node/10805905436
node/10805905436,Chevron,33.6156455,-117.7075482,premium,6.123,6.469,-0.346,2026-09-21,synthetic_from_eia,https://www.openstreetmap.org/node/10805905436
node/10805905436,Chevron,33.6156455,-117.7075482,regular,6.525,6.003,+0.522,2026-09-21,synthetic_from_eia,https://www.openstreetmap.org/node/10805905436
node/10813307053,(unnamed),37.5906107,-122.3673210,diesel,8.004,8.246,-0.242,2026-09-21,synthetic_from_eia,https://www.openstreetmap.org/node/10813307053
node/10813307053,(unnamed),37.5906107,-122.3673210,regular,6.507,6.003,+0.504,2026-09-21,synthetic_from_eia,https://www.openstreetmap.org/node/10813307053
node/10869567300,Chevron,33.7749702,-118.1194714,midgrade,6.940,6.276,+0.664,2026-09-21,synthetic_from_eia,https://www.openstreetmap.org/node/10869567300
node/10869567300,Chevron,33.7749702,-118.1194714,premium,5.974,6.469,-0.495,2026-09-21,synthetic_from_eia,https://www.openstreetmap.org/node/10869567300
node/10869567300,Chevron,33.7749702,-118.1194714,regular,5.167,6.003,-0.836,2026-09-21,synthetic_from_eia,https://www.openstreetmap.org/node/10869567300
node/10881594909,Shell,35.6264437,-117.6702322,diesel,7.285,8.246,-0.961,2026-09-21,synthetic_from_eia,https://www.openstreetmap.org/node/10881594909
node/10881594909,Shell,35.6264437,-117.6702322,midgrade,6.355,6.276,+0.079,2026-09-21,synthetic_from_eia,https://www.openstreetmap.org/node/10881594909
node/10881594909,Shell,35.6264437,-117.6702322,premium,7.469,6.469,+1.000,2026-09-21,synthetic_from_eia,https://www.openstreetmap.org/node/10881594909
node/10881594909,Shell,35.6264437,-117.6702322,regular,5.703,6.003,-0.300,2026-09-21,synthetic_from_eia,https://www.openstreetmap.org/node/10881594909
node/10897885969,Kwik Trip,32.8024369,-116.9514580,diesel,8.546,8.246,+0.300,2026-09-21,synthetic_from_eia,https://www.openstreetmap.org/node/10897885969
node/10980964647,Shell,33.8177858,-117.9280500,midgrade,6.838,6.276,+0.562,2026-09-21,synthetic_from_eia,https://www.openstreetmap.org/node/10980964647
node/10980964647,Shell,33.8177858,-117.9280500,premium,6.773,6.469,+0.304,2026-09-21,synthetic_from_eia,https://www.openstreetmap.org/node/10980964647
node/10980964647,Shell,33.8177858,-117.9280500,regular,6.511,6.003,+0.508,2026-09-21,synthetic_from_eia,https://www.openstreetmap.org/node/10980964647
node/10981827519,Valero,37.6028531,-122.3931004,diesel,9.145,8.246,+0.899,2026-09-21,synthetic_from_eia,https://www.openstreetmap.org/node/10981827519
node/10981827519,Valero,37.6028531,-122.3931004,midgrade,5.675,6.276,-0.601,2026-09-21,synthetic_from_eia,https://www.openstreetmap.org/node/10981827519
node/10981827519,Valero,37.6028531,-122.3931004,premium,5.510,6.469,-0.959,2026-09-21,synthetic_from_eia,https://www.openstreetmap.org/node/10981827519
node/10981827519,Valero,37.6028531,-122.3931004,regular,5.308,6.003,-0.695,2026-09-21,synthetic_from_eia,https://www.openstreetmap.org/node/10981827519
node/10981827522,Chevron,37.6031218,-122.3934447,diesel,7.498,8.246,-0.748,2026-09-21,synthetic_from_eia,https://www.openstreetmap.org/node/10981827522
node/10981827522,Chevron,37.6031218,-122.3934447,midgrade,6.615,6.276,+0.339,2026-09-21,synthetic_from_eia,https://www.openstreetmap.org/node/10981827522
node/10981827522,Chevron,37.6031218,-122.3934447,premium,6.597,6.469,+0.128,2026-09-21,synthetic_from_eia,https://www.openstreetmap.org/node/10981827522
node/10981827522,Chevron,37.6031218,-122.3934447,regular,5.439,6.003,-0.564,2026-09-21,synthetic_from_eia,https://www.openstreetmap.org/node/10981827522
node/11011243619,Shell,37.7531389,-122.3881283,diesel,8.645,8.246,+0.399,2026-09-21,synthetic_from_eia,https://www.openstreetmap.org/node/11011243619
node/11011243619,Shell,37.7531389,-122.3881283,midgrade,6.810,6.276,+0.534,2026-09-21,synthetic_from_eia,https://www.openstreetmap.org/node/11011243619
node/11011243619,Shell,37.7531389,-122.3881283,premium,5.805,6.469,-0.664,2026-09-21,synthetic_from_eia,https://www.openstreetmap.org/node/11011243619
node/11011243619,Shell,37.7531389,-122.3881283,regular,6.217,6.003,+0.214,2026-09-21,synthetic_from_eia,https://www.openstreetmap.org/node/11011243619
node/11192343100,Central Gas,36.6708754,-121.6529417,diesel,8.742,8.246,+0.496,2026-09-21,synthetic_from_eia,https://www.openstreetmap.org/node/11192343100
node/11192343100,Central Gas,36.6708754,-121.6529417,midgrade,5.505,6.276,-0.771,2026-09-21,synthetic_from_eia,https://www.openstreetmap.org/node/11192343100
node/11192343100,Central Gas,36.6708754,-121.6529417,premium,7.108,6.469,+0.639,2026-09-21,synthetic_from_eia,https://www.openstreetmap.org/node/11192343100
node/11192343100,Central Gas,36.6708754,-121.6529417,regular,6.932,6.003,+0.929,2026-09-21,synthetic_from_eia,https://www.openstreetmap.org/node/11192343100
node/11289865400,Quik Stop,36.8569383,-121.4021216,midgrade,5.492,6.276,-0.784,2026-09-21,synthetic_from_eia,https://www.openstreetmap.org/node/11289865400
node/11289865400,Quik Stop,36.8569383,-121.4021216,premium,5.520,6.469,-0.949,2026-09-21,synthetic_from_eia,https://www.openstreetmap.org/node/11289865400
node/11289865400,Quik Stop,36.8569383,-121.4021216,regular,5.627,6.003,-0.376,2026-09-21,synthetic_from_eia,https://www.openstreetmap.org/node/11289865400
node/11310454703,Downs Energy,34.0014685,-117.3477674,diesel,8.601,8.246,+0.355,2026-09-21,synthetic_from_eia,https://www.openstreetmap.org/node/11310454703
node/11310454703,Downs Energy,34.0014685,-117.3477674,regular,6.919,6.003,+0.916,2026-09-21,synthetic_from_eia,https://www.openstreetmap.org/node/11310454703
node/11328904298,Noil,34.0777643,-117.4848290,diesel,8.039,8.246,-0.207,2026-09-21,synthetic_from_eia,https://www.openstreetmap.org/node/11328904298
node/11328904299,A to Z Fuel Stop,34.0762004,-117.4879468,diesel,8.676,8.246,+0.430,2026-09-21,synthetic_from_eia,https://www.openstreetmap.org/node/11328904299
node/11328904485,Chevron,34.0697250,-117.4892663,regular,5.155,6.003,-0.848,2026-09-21,synthetic_from_eia,https://www.openstreetmap.org/node/11328904485
node/11349901128,Chevron,33.5973352,-117.2433826,diesel,8.627,8.246,+0.381,2026-09-21,synthetic_from_eia,https://www.openstreetmap.org/node/11349901128
node/11349901128,Chevron,33.5973352,-117.2433826,regular,6.257,6.003,+0.254,2026-09-21,synthetic_from_eia,https://www.openstreetmap.org/node/11349901128
node/11382869098,Rotten Robbie,37.3227029,-122.0051324,diesel,7.450,8.246,-0.796,2026-09-21,synthetic_from_eia,https://www.openstreetmap.org/node/11382869098
node/11382869098,Rotten Robbie,37.3227029,-122.0051324,regular,6.548,6.003,+0.545,2026-09-21,synthetic_from_eia,https://www.openstreetmap.org/node/11382869098
node/11756799431,(unnamed),38.6489174,-121.4751739,diesel,8.947,8.246,+0.701,2026-09-21,synthetic_from_eia,https://www.openstreetmap.org/node/11756799431
node/11756799431,(unnamed),38.6489174,-121.4751739,midgrade,6.477,6.276,+0.201,2026-09-21,synthetic_from_eia,https://www.openstreetmap.org/node/11756799431
node/11756799431,(unnamed),38.6489174,-121.4751739,premium,5.711,6.469,-0.758,2026-09-21,synthetic_from_eia,https://www.openstreetmap.org/node/11756799431
node/11756799431,(unnamed),38.6489174,-121.4751739,regular,6.971,6.003,+0.968,2026-09-21,synthetic_from_eia,https://www.openstreetmap.org/node/11756799431
node/11774171923,(unnamed),37.2143265,-119.7068240,diesel,8.811,8.246,+0.565,2026-09-21,synthetic_from_eia,https://www.openstreetmap.org/node/11774171923
node/11815585034,Shell,34.2611880,-118.7475760,diesel,7.940,8.246,-0.306,2026-09-21,synthetic_from_eia,https://www.openstreetmap.org/node/11815585034
node/11815585034,Shell,34.2611880,-118.7475760,midgrade,6.133,6.276,-0.143,2026-09-21,synthetic_from_eia,https://www.openstreetmap.org/node/11815585034
node/11815585034,Shell,34.2611880,-118.7475760,premium,6.210,6.469,-0.259,2026-09-21,synthetic_from_eia,https://www.openstreetmap.org/node/11815585034
node/11815585034,Shell,34.2611880,-118.7475760,regular,6.015,6.003,+0.012,2026-09-21,synthetic_from_eia,https://www.openstreetmap.org/node/11815585034
node/11833382894,Chevron,34.2712300,-118.7770100,diesel,7.928,8.246,-0.318,2026-09-21,synthetic_from_eia,https://www.openstreetmap.org/node/11833382894
node/11833382894,Chevron,34.2712300,-118.7770100,midgrade,6.975,6.276,+0.699,2026-09-21,synthetic_from_eia,https://www.openstreetmap.org/node/11833382894
node/11833382894,Chevron,34.2712300,-118.7770100,premium,7.114,6.469,+0.645,2026-09-21,synthetic_from_eia,https://www.openstreetmap.org/node/11833382894
node/11833382894,Chevron,34.2712300,-118.7770100,regular,5.214,6.003,-0.789,2026-09-21,synthetic_from_eia,https://www.openstreetmap.org/node/11833382894
node/11845515508,Shell,33.9711594,-118.3783598,diesel,9.168,8.246,+0.922,2026-09-21,synthetic_from_eia,https://www.openstreetmap.org/node/11845515508
node/11845515508,Shell,33.9711594,-118.3783598,premium,6.740,6.469,+0.271,2026-09-21,synthetic_from_eia,https://www.openstreetmap.org/node/11845515508
node/11845515508,Shell,33.9711594,-118.3783598,regular,6.660,6.003,+0.657,2026-09-21,synthetic_from_eia,https://www.openstreetmap.org/node/11845515508
node/11861165971,Chevron,34.2814100,-118.7433700,diesel,8.661,8.246,+0.415,2026-09-21,synthetic_from_eia,https://www.openstreetmap.org/node/11861165971
node/11861165971,Chevron,34.2814100,-118.7433700,midgrade,6.147,6.276,-0.129,2026-09-21,synthetic_from_eia,https://www.openstreetmap.org/node/11861165971
node/11861165971,Chevron,34.2814100,-118.7433700,premium,6.937,6.469,+0.468,2026-09-21,synthetic_from_eia,https://www.openstreetmap.org/node/11861165971
node/11861165971,Chevron,34.2814100,-118.7433700,regular,6.934,6.003,+0.931,2026-09-21,synthetic_from_eia,https://www.openstreetmap.org/node/11861165971
node/11861297370,Chevron,34.2631200,-118.7609900,diesel,7.786,8.246,-0.460,2026-09-21,synthetic_from_eia,https://www.openstreetmap.org/node/11861297370
node/11861297370,Chevron,34.2631200,-118.7609900,midgrade,6.892,6.276,+0.616,2026-09-21,synthetic_from_eia,https://www.openstreetmap.org/node/11861297370
node/11861297370,Chevron,34.2631200,-118.7609900,premium,6.545,6.469,+0.076,2026-09-21,synthetic_from_eia,https://www.openstreetmap.org/node/11861297370
node/11861297370,Chevron,34.2631200,-118.7609900,regular,5.970,6.003,-0.033,2026-09-21,synthetic_from_eia,https://www.openstreetmap.org/node/11861297370
node/11887057970,76,34.2712600,-118.7871700,diesel,8.117,8.246,-0.129,2026-09-21,synthetic_from_eia,https://www.openstreetmap.org/node/11887057970
node/11887057970,76,34.2712600,-118.7871700,midgrade,6.738,6.276,+0.462,2026-09-21,synthetic_from_eia,https://www.openstreetmap.org/node/11887057970
node/11887057970,76,34.2712600,-118.7871700,premium,6.006,6.469,-0.463,2026-09-21,synthetic_from_eia,https://www.openstreetmap.org/node/11887057970
node/11887057970,76,34.2712600,-118.7871700,regular,6.706,6.003,+0.703,2026-09-21,synthetic_from_eia,https://www.openstreetmap.org/node/11887057970
node/11887083876,76,34.2828800,-118.6918800,midgrade,6.937,6.276,+0.661,2026-09-21,synthetic_from_eia,https://www.openstreetmap.org/node/11887083876
node/11887083876,76,34.2828800,-118.6918800,premium,5.642,6.469,-0.827,2026-09-21,synthetic_from_eia,https://www.openstreetmap.org/node/11887083876
node/11887083876,76,34.2828800,-118.6918800,regular,6.766,6.003,+0.763,2026-09-21,synthetic_from_eia,https://www.openstreetmap.org/node/11887083876
node/11900415019,76,34.2786000,-118.7443000,diesel,7.734,8.246,-0.512,2026-09-21,synthetic_from_eia,https://www.openstreetmap.org/node/11900415019
node/11900415019,76,34.2786000,-118.7443000,midgrade,6.205,6.276,-0.071,2026-09-21,synthetic_from_eia,https://www.openstreetmap.org/node/11900415019
node/11900415019,76,34.2786000,-118.7443000,premium,6.690,6.469,+0.221,2026-09-21,synthetic_from_eia,https://www.openstreetmap.org/node/11900415019
node/11900415019,76,34.2786000,-118.7443000,regular,5.761,6.003,-0.242,2026-09-21,synthetic_from_eia,https://www.openstreetmap.org/node/11900415019
node/11950249507,Sinclair,34.2786900,-118.7091900,midgrade,5.333,6.276,-0.943,2026-09-21,synthetic_from_eia,https://www.openstreetmap.org/node/11950249507
node/11950249507,Sinclair,34.2786900,-118.7091900,premium,7.171,6.469,+0.702,2026-09-21,synthetic_from_eia,https://www.openstreetmap.org/node/11950249507
node/11950249507,Sinclair,34.2786900,-118.7091900,regular,5.367,6.003,-0.636,2026-09-21,synthetic_from_eia,https://www.openstreetmap.org/node/11950249507
node/11951133895,Shell,34.1380708,-117.4172072,diesel,7.670,8.246,-0.576,2026-09-21,synthetic_from_eia,https://www.openstreetmap.org/node/11951133895
node/11992654129,(unnamed),36.3502118,-119.4253420,diesel,8.842,8.246,+0.596,2026-09-21,synthetic_from_eia,https://www.openstreetmap.org/node/11992654129
node/12007395536,Sinclair,34.0335736,-117.0901879,diesel,7.927,8.246,-0.319,2026-09-21,synthetic_from_eia,https://www.openstreetmap.org/node/12007395536
node/12007395536,Sinclair,34.0335736,-117.0901879,midgrade,7.037,6.276,+0.761,2026-09-21,synthetic_from_eia,https://www.openstreetmap.org/node/12007395536
node/12007395536,Sinclair,34.0335736,-117.0901879,premium,6.871,6.469,+0.402,2026-09-21,synthetic_from_eia,https://www.openstreetmap.org/node/12007395536
node/12007395536,Sinclair,34.0335736,-117.0901879,regular,5.556,6.003,-0.447,2026-09-21,synthetic_from_eia,https://www.openstreetmap.org/node/12007395536
node/12030194170,Shell,34.2351326,-118.5888682,diesel,7.266,8.246,-0.980,2026-09-21,synthetic_from_eia,https://www.openstreetmap.org/node/12030194170
node/12030194170,Shell,34.2351326,-118.5888682,regular,6.899,6.003,+0.896,2026-09-21,synthetic_from_eia,https://www.openstreetmap.org/node/12030194170
node/12121570629,Rotten Robbie,37.2461322,-121.9581935,diesel,7.417,8.246,-0.829,2026-09-21,synthetic_from_eia,https://www.openstreetmap.org/node/12121570629
node/12139022740,Chevron,33.9813668,-118.4096654,diesel,8.686,8.246,+0.440,2026-09-21,synthetic_from_eia,https://www.openstreetmap.org/node/12139022740
node/12171067757,Esplanade Gas,39.7512450,-121.8563099,diesel,8.223,8.246,-0.023,2026-09-21,synthetic_from_eia,https://www.openstreetmap.org/node/12171067757
node/12171067757,Esplanade Gas,39.7512450,-121.8563099,regular,6.519,6.003,+0.516,2026-09-21,synthetic_from_eia,https://www.openstreetmap.org/node/12171067757
node/12187074528,Flyers,37.5944571,-120.9763665,diesel,8.627,8.246,+0.381,2026-09-21,synthetic_from_eia,https://www.openstreetmap.org/node/12187074528
node/12187074528,Flyers,37.5944571,-120.9763665,midgrade,6.568,6.276,+0.292,2026-09-21,synthetic_from_eia,https://www.openstreetmap.org/node/12187074528
node/12187074528,Flyers,37.5944571,-120.9763665,premium,6.451,6.469,-0.018,2026-09-21,synthetic_from_eia,https://www.openstreetmap.org/node/12187074528
node/12187074528,Flyers,37.5944571,-120.9763665,regular,6.589,6.003,+0.586,2026-09-21,synthetic_from_eia,https://www.openstreetmap.org/node/12187074528
node/12330315792,Speedway,37.4924670,-120.8379989,diesel,7.432,8.246,-0.814,2026-09-21,synthetic_from_eia,https://www.openstreetmap.org/node/12330315792
node/12330315792,Speedway,37.4924670,-120.8379989,midgrade,5.719,6.276,-0.557,2026-09-21,synthetic_from_eia,https://www.openstreetmap.org/node/12330315792
node/12330315792,Speedway,37.4924670,-120.8379989,premium,6.853,6.469,+0.384,2026-09-21,synthetic_from_eia,https://www.openstreetmap.org/node/12330315792
node/12330315792,Speedway,37.4924670,-120.8379989,regular,5.615,6.003,-0.388,2026-09-21,synthetic_from_eia,https://www.openstreetmap.org/node/12330315792
node/12335965593,Spirit,33.5708749,-116.0770683,diesel,8.409,8.246,+0.163,2026-09-21,synthetic_from_eia,https://www.openstreetmap.org/node/12335965593
node/12335965593,Spirit,33.5708749,-116.0770683,regular,5.950,6.003,-0.053,2026-09-21,synthetic_from_eia,https://www.openstreetmap.org/node/12335965593
node/12372341048,Simi Petroleum,34.2714041,-118.7784179,midgrade,6.338,6.276,+0.062,2026-09-21,synthetic_from_eia,https://www.openstreetmap.org/node/12372341048
node/12372341048,Simi Petroleum,34.2714041,-118.7784179,premium,6.320,6.469,-0.149,2026-09-21,synthetic_from_eia,https://www.openstreetmap.org/node/12372341048
node/12372341048,Simi Petroleum,34.2714041,-118.7784179,regular,6.495,6.003,+0.492,2026-09-21,synthetic_from_eia,https://www.openstreetmap.org/node/12372341048
node/12406513256,Gulf,33.9198494,-116.7739185,diesel,7.908,8.246,-0.338,2026-09-21,synthetic_from_eia,https://www.openstreetmap.org/node/12406513256
node/12451468316,Arco,33.1196203,-117.2820407,midgrade,6.682,6.276,+0.406,2026-09-21,synthetic_from_eia,https://www.openstreetmap.org/node/12451468316
node/12451468316,Arco,33.1196203,-117.2820407,premium,6.011,6.469,-0.458,2026-09-21,synthetic_from_eia,https://www.openstreetmap.org/node/12451468316
node/12451468316,Arco,33.1196203,-117.2820407,regular,5.506,6.003,-0.497,2026-09-21,synthetic_from_eia,https://www.openstreetmap.org/node/12451468316
node/12590723268,Flyers,33.9858341,-117.3624784,diesel,7.487,8.246,-0.759,2026-09-21,synthetic_from_eia,https://www.openstreetmap.org/node/12590723268
node/12591278629,Arco,33.9701677,-117.3662088,diesel,7.631,8.246,-0.615,2026-09-21,synthetic_from_eia,https://www.openstreetmap.org/node/12591278629
node/12591278629,Arco,33.9701677,-117.3662088,midgrade,5.515,6.276,-0.761,2026-09-21,synthetic_from_eia,https://www.openstreetmap.org/node/12591278629
node/12591278629,Arco,33.9701677,-117.3662088,premium,6.541,6.469,+0.072,2026-09-21,synthetic_from_eia,https://www.openstreetmap.org/node/12591278629
node/12591278629,Arco,33.9701677,-117.3662088,regular,6.527,6.003,+0.524,2026-09-21,synthetic_from_eia,https://www.openstreetmap.org/node/12591278629
node/12610065267,Chevron,36.1889129,-119.8287078,diesel,7.616,8.246,-0.630,2026-09-21,synthetic_from_eia,https://www.openstreetmap.org/node/12610065267
node/12610065267,Chevron,36.1889129,-119.8287078,midgrade,5.709,6.276,-0.567,2026-09-21,synthetic_from_eia,https://www.openstreetmap.org/node/12610065267
node/12610065267,Chevron,36.1889129,-119.8287078,premium,6.437,6.469,-0.032,2026-09-21,synthetic_from_eia,https://www.openstreetmap.org/node/12610065267
node/12610065267,Chevron,36.1889129,-119.8287078,regular,6.452,6.003,+0.449,2026-09-21,synthetic_from_eia,https://www.openstreetmap.org/node/12610065267
node/12723760759,Toro Petroleum,36.8415439,-121.3922436,diesel,9.199,8.246,+0.953,2026-09-21,synthetic_from_eia,https://www.openstreetmap.org/node/12723760759
node/12723760759,Toro Petroleum,36.8415439,-121.3922436,regular,6.052,6.003,+0.049,2026-09-21,synthetic_from_eia,https://www.openstreetmap.org/node/12723760759
node/12779753180,Shell,37.3662710,-122.0143849,premium,6.035,6.469,-0.434,2026-09-21,synthetic_from_eia,https://www.openstreetmap.org/node/12779753180
node/12805720543,Gomez Gasoline,36.9067005,-121.7533395,midgrade,5.477,6.276,-0.799,2026-09-21,synthetic_from_eia,https://www.openstreetmap.org/node/12805720543
node/12805720543,Gomez Gasoline,36.9067005,-121.7533395,premium,5.857,6.469,-0.612,2026-09-21,synthetic_from_eia,https://www.openstreetmap.org/node/12805720543
node/12805720543,Gomez Gasoline,36.9067005,-121.7533395,regular,5.458,6.003,-0.545,2026-09-21,synthetic_from_eia,https://www.openstreetmap.org/node/12805720543
node/12838104429,Chevron,37.5215590,-120.8878384,diesel,7.605,8.246,-0.641,2026-09-21,synthetic_from_eia,https://www.openstreetmap.org/node/12838104429
node/12838104429,Chevron,37.5215590,-120.8878384,midgrade,5.304,6.276,-0.972,2026-09-21,synthetic_from_eia,https://www.openstreetmap.org/node/12838104429
node/12838104429,Chevron,37.5215590,-120.8878384,premium,6.537,6.469,+0.068,2026-09-21,synthetic_from_eia,https://www.openstreetmap.org/node/12838104429
node/12838104429,Chevron,37.5215590,-120.8878384,regular,5.552,6.003,-0.451,2026-09-21,synthetic_from_eia,https://www.openstreetmap.org/node/12838104429
node/12839137055,Costco Gasoline,37.5200759,-120.8879940,diesel,9.195,8.246,+0.949,2026-09-21,synthetic_from_eia,https://www.openstreetmap.org/node/12839137055
node/12839137055,Costco Gasoline,37.5200759,-120.8879940,premium,6.576,6.469,+0.107,2026-09-21,synthetic_from_eia,https://www.openstreetmap.org/node/12839137055
node/12839137055,Costco Gasoline,37.5200759,-120.8879940,regular,6.398,6.003,+0.395,2026-09-21,synthetic_from_eia,https://www.openstreetmap.org/node/12839137055
node/12850986909,Tower Mart,38.6971863,-121.3360023,premium,5.722,6.469,-0.747,2026-09-21,synthetic_from_eia,https://www.openstreetmap.org/node/12850986909
node/12850986909,Tower Mart,38.6971863,-121.3360023,regular,6.740,6.003,+0.737,2026-09-21,synthetic_from_eia,https://www.openstreetmap.org/node/12850986909
node/12865790175,Maverik,39.7510442,-122.2103921,diesel,8.228,8.246,-0.018,2026-09-21,synthetic_from_eia,https://www.openstreetmap.org/node/12865790175
node/12917481243,Super Store 6,34.5580667,-117.9692899,diesel,8.991,8.246,+0.745,2026-09-21,synthetic_from_eia,https://www.openstreetmap.org/node/12917481243
node/12944567189,Chevron,34.0699842,-117.4529047,diesel,8.394,8.246,+0.148,2026-09-21,synthetic_from_eia,https://www.openstreetmap.org/node/12944567189
node/12990846164,ONE9,34.0632494,-117.4912980,diesel,8.185,8.246,-0.061,2026-09-21,synthetic_from_eia,https://www.openstreetmap.org/node/12990846164
node/13011356451,Flyers,34.0635600,-117.3697726,diesel,8.127,8.246,-0.119,2026-09-21,synthetic_from_eia,https://www.openstreetmap.org/node/13011356451
node/13011356452,SC Fuels - Bloomington,34.0628864,-117.3698154,diesel,7.615,8.246,-0.631,2026-09-21,synthetic_from_eia,https://www.openstreetmap.org/node/13011356452
node/13048061578,Maverik,34.4870303,-117.3329695,diesel,7.349,8.246,-0.897,2026-09-21,synthetic_from_eia,https://www.openstreetmap.org/node/13048061578
node/13077612633,Chevron,37.5223004,-120.8805026,midgrade,7.158,6.276,+0.882,2026-09-21,synthetic_from_eia,https://www.openstreetmap.org/node/13077612633
node/13077612633,Chevron,37.5223004,-120.8805026,premium,6.424,6.469,-0.045,2026-09-21,synthetic_from_eia,https://www.openstreetmap.org/node/13077612633
node/13077612633,Chevron,37.5223004,-120.8805026,regular,6.647,6.003,+0.644,2026-09-21,synthetic_from_eia,https://www.openstreetmap.org/node/13077612633
node/13174890260,ARCO,36.9404179,-121.7693295,midgrade,6.077,6.276,-0.199,2026-09-21,synthetic_from_eia,https://www.openstreetmap.org/node/13174890260
node/13174890260,ARCO,36.9404179,-121.7693295,premium,5.617,6.469,-0.852,2026-09-21,synthetic_from_eia,https://www.openstreetmap.org/node/13174890260
node/13174890260,ARCO,36.9404179,-121.7693295,regular,6.262,6.003,+0.259,2026-09-21,synthetic_from_eia,https://www.openstreetmap.org/node/13174890260
node/13255132712,Chevron,34.0697286,-117.4898200,diesel,7.353,8.246,-0.893,2026-09-21,synthetic_from_eia,https://www.openstreetmap.org/node/13255132712
node/13255300298,Pemex,32.5580893,-116.9617956,diesel,7.544,8.246,-0.702,2026-09-21,synthetic_from_eia,https://www.openstreetmap.org/node/13255300298
node/13255344821,Pemex,34.1057763,-117.9581623,diesel,8.372,8.246,+0.126,2026-09-21,synthetic_from_eia,https://www.openstreetmap.org/node/13255344821
node/13276282785,Sinclair,37.0559348,-119.9843419,diesel,7.854,8.246,-0.392,2026-09-21,synthetic_from_eia,https://www.openstreetmap.org/node/13276282785
node/13276282785,Sinclair,37.0559348,-119.9843419,premium,7.457,6.469,+0.988,2026-09-21,synthetic_from_eia,https://www.openstreetmap.org/node/13276282785
node/13276282785,Sinclair,37.0559348,-119.9843419,regular,5.240,6.003,-0.763,2026-09-21,synthetic_from_eia,https://www.openstreetmap.org/node/13276282785
node/13293841987,SC Fuels,34.0623467,-117.4761845,diesel,8.775,8.246,+0.529,2026-09-21,synthetic_from_eia,https://www.openstreetmap.org/node/13293841987
node/13392237850,Walmart Fuel Station,33.9747709,-117.5889346,diesel,8.459,8.246,+0.213,2026-09-21,synthetic_from_eia,https://www.openstreetmap.org/node/13392237850
node/13392237850,Walmart Fuel Station,33.9747709,-117.5889346,midgrade,6.857,6.276,+0.581,2026-09-21,synthetic_from_eia,https://www.openstreetmap.org/node/13392237850
node/13392237850,Walmart Fuel Station,33.9747709,-117.5889346,premium,5.920,6.469,-0.549,2026-09-21,synthetic_from_eia,https://www.openstreetmap.org/node/13392237850
node/13392237850,Walmart Fuel Station,33.9747709,-117.5889346,regular,6.048,6.003,+0.045,2026-09-21,synthetic_from_eia,https://www.openstreetmap.org/node/13392237850
node/13437103739,Plaza Gas & Diesel,36.9853143,-121.5557680,diesel,8.147,8.246,-0.099,2026-09-21,synthetic_from_eia,https://www.openstreetmap.org/node/13437103739
node/13437103739,Plaza Gas & Diesel,36.9853143,-121.5557680,midgrade,6.161,6.276,-0.115,2026-09-21,synthetic_from_eia,https://www.openstreetmap.org/node/13437103739
node/13437103739,Plaza Gas & Diesel,36.9853143,-121.5557680,premium,7.189,6.469,+0.720,2026-09-21,synthetic_from_eia,https://www.openstreetmap.org/node/13437103739
node/13437103739,Plaza Gas & Diesel,36.9853143,-121.5557680,regular,6.983,6.003,+0.980,2026-09-21,synthetic_from_eia,https://www.openstreetmap.org/node/13437103739
node/13471588014,Circle K,34.0629056,-118.0817577,midgrade,5.887,6.276,-0.389,2026-09-21,synthetic_from_eia,https://www.openstreetmap.org/node/13471588014
node/13471588014,Circle K,34.0629056,-118.0817577,premium,6.711,6.469,+0.242,2026-09-21,synthetic_from_eia,https://www.openstreetmap.org/node/13471588014
node/13471588014,Circle K,34.0629056,-118.0817577,regular,6.222,6.003,+0.219,2026-09-21,synthetic_from_eia,https://www.openstreetmap.org/node/13471588014
node/13565871123,Kerman U Save,36.7320987,-120.0596733,diesel,8.726,8.246,+0.480,2026-09-21,synthetic_from_eia,https://www.openstreetmap.org/node/13565871123
node/13565871123,Kerman U Save,36.7320987,-120.0596733,regular,6.898,6.003,+0.895,2026-09-21,synthetic_from_eia,https://www.openstreetmap.org/node/13565871123
node/13732858676,ARCO,36.5416058,-119.3953963,diesel,7.662,8.246,-0.584,2026-09-21,synthetic_from_eia,https://www.openstreetmap.org/node/13732858676
node/13732858676,ARCO,36.5416058,-119.3953963,premium,5.891,6.469,-0.578,2026-09-21,synthetic_from_eia,https://www.openstreetmap.org/node/13732858676
node/13764581464,Safeway Fuel Station,38.0085173,-121.3200801,regular,6.324,6.003,+0.321,2026-09-21,synthetic_from_eia,https://www.openstreetmap.org/node/13764581464
node/13792002458,(unnamed),34.0197990,-117.3899203,diesel,7.560,8.246,-0.686,2026-09-21,synthetic_from_eia,https://www.openstreetmap.org/node/13792002458
node/13860008591,SAS Gasoline,35.6221145,-117.6612936,diesel,7.594,8.246,-0.652,2026-09-21,synthetic_from_eia,https://www.openstreetmap.org/node/13860008591
node/13860008591,SAS Gasoline,35.6221145,-117.6612936,midgrade,5.426,6.276,-0.850,2026-09-21,synthetic_from_eia,https://www.openstreetmap.org/node/13860008591
node/13860008591,SAS Gasoline,35.6221145,-117.6612936,premium,5.474,6.469,-0.995,2026-09-21,synthetic_from_eia,https://www.openstreetmap.org/node/13860008591
node/13860008591,SAS Gasoline,35.6221145,-117.6612936,regular,5.904,6.003,-0.099,2026-09-21,synthetic_from_eia,https://www.openstreetmap.org/node/13860008591
node/13953635265,Speedway,35.6046570,-117.6744093,midgrade,6.464,6.276,+0.188,2026-09-21,synthetic_from_eia,https://www.openstreetmap.org/node/13953635265
node/13953635265,Speedway,35.6046570,-117.6744093,premium,6.052,6.469,-0.417,2026-09-21,synthetic_from_eia,https://www.openstreetmap.org/node/13953635265
node/13953635265,Speedway,35.6046570,-117.6744093,regular,5.466,6.003,-0.537,2026-09-21,synthetic_from_eia,https://www.openstreetmap.org/node/13953635265
node/13973250700,ARCO,33.8374445,-117.3304269,diesel,8.660,8.246,+0.414,2026-09-21,synthetic_from_eia,https://www.openstreetmap.org/node/13973250700
node/13973250700,ARCO,33.8374445,-117.3304269,midgrade,6.682,6.276,+0.406,2026-09-21,synthetic_from_eia,https://www.openstreetmap.org/node/13973250700
node/13973250700,ARCO,33.8374445,-117.3304269,premium,6.377,6.469,-0.092,2026-09-21,synthetic_from_eia,https://www.openstreetmap.org/node/13973250700
node/13973250700,ARCO,33.8374445,-117.3304269,regular,6.378,6.003,+0.375,2026-09-21,synthetic_from_eia,https://www.openstreetmap.org/node/13973250700
node/13984549215,Shell,34.2429329,-119.1836545,diesel,9.094,8.246,+0.848,2026-09-21,synthetic_from_eia,https://www.openstreetmap.org/node/13984549215
node/13984549215,Shell,34.2429329,-119.1836545,midgrade,6.852,6.276,+0.576,2026-09-21,synthetic_from_eia,https://www.openstreetmap.org/node/13984549215
node/13984549215,Shell,34.2429329,-119.1836545,premium,6.719,6.469,+0.250,2026-09-21,synthetic_from_eia,https://www.openstreetmap.org/node/13984549215
node/13984549215,Shell,34.2429329,-119.1836545,regular,6.325,6.003,+0.322,2026-09-21,synthetic_from_eia,https://www.openstreetmap.org/node/13984549215
node/14023510996,Roche Fuel Stop,33.9557457,-118.1843318,diesel,9.113,8.246,+0.867,2026-09-21,synthetic_from_eia,https://www.openstreetmap.org/node/14023510996
relation/6699383,Mobil,34.2358564,-118.4671378,diesel,8.096,8.246,-0.150,2026-09-21,synthetic_from_eia,https://www.openstreetmap.org/relation/6699383
relation/6699383,Mobil,34.2358564,-118.4671378,regular,6.092,6.003,+0.089,2026-09-21,synthetic_from_eia,https://www.openstreetmap.org/relation/6699383
relation/14354262,76,34.1503028,-118.0828068,midgrade,6.571,6.276,+0.295,2026-09-21,synthetic_from_eia,https://www.openstreetmap.org/relation/14354262
relation/14354262,76,34.1503028,-118.0828068,premium,7.286,6.469,+0.817,2026-09-21,synthetic_from_eia,https://www.openstreetmap.org/relation/14354262
relation/14354262,76,34.1503028,-118.0828068,regular,6.656,6.003,+0.653,2026-09-21,synthetic_from_eia,https://www.openstreetmap.org/relation/14354262
relation/14901216,Chevron,33.8656401,-118.2758516,diesel,7.389,8.246,-0.857,2026-09-21,synthetic_from_eia,https://www.openstreetmap.org/relation/14901216
relation/14901216,Chevron,33.8656401,-118.2758516,midgrade,5.608,6.276,-0.668,2026-09-21,synthetic_from_eia,https://www.openstreetmap.org/relation/14901216
relation/14901216,Chevron,33.8656401,-118.2758516,premium,6.084,6.469,-0.385,2026-09-21,synthetic_from_eia,https://www.openstreetmap.org/relation/14901216
relation/14901216,Chevron,33.8656401,-118.2758516,regular,6.501,6.003,+0.498,2026-09-21,synthetic_from_eia,https://www.openstreetmap.org/relation/14901216
relation/16823926,Arco,34.1525902,-118.3668180,midgrade,6.414,6.276,+0.138,2026-09-21,synthetic_from_eia,https://www.openstreetmap.org/relation/16823926
relation/16823926,Arco,34.1525902,-118.3668180,premium,6.046,6.469,-0.423,2026-09-21,synthetic_from_eia,https://www.openstreetmap.org/relation/16823926
relation/16823926,Arco,34.1525902,-118.3668180,regular,5.252,6.003,-0.751,2026-09-21,synthetic_from_eia,https://www.openstreetmap.org/relation/16823926
relation/19931896,76,33.8580156,-118.3701410,diesel,8.623,8.246,+0.377,2026-09-21,synthetic_from_eia,https://www.openstreetmap.org/relation/19931896
relation/19931896,76,33.8580156,-118.3701410,premium,6.868,6.469,+0.399,2026-09-21,synthetic_from_eia,https://www.openstreetmap.org/relation/19931896
relation/19931896,76,33.8580156,-118.3701410,regular,6.888,6.003,+0.885,2026-09-21,synthetic_from_eia,https://www.openstreetmap.org/relation/19931896
way/28061064,Shell,37.1297355,-121.6374240,regular,6.004,6.003,+0.001,2026-09-21,synthetic_from_eia,https://www.openstreetmap.org/way/28061064
way/28513804,Ranch Gas & Food,36.8568455,-121.4015737,midgrade,6.264,6.276,-0.012,2026-09-21,synthetic_from_eia,https://www.openstreetmap.org/way/28513804
way/28513804,Ranch Gas & Food,36.8568455,-121.4015737,premium,5.630,6.469,-0.839,2026-09-21,synthetic_from_eia,https://www.openstreetmap.org/way/28513804
way/28513804,Ranch Gas & Food,36.8568455,-121.4015737,regular,5.083,6.003,-0.920,2026-09-21,synthetic_from_eia,https://www.openstreetmap.org/way/28513804
way/29078324,Leavesley Chevron,37.0218941,-121.5691198,premium,6.333,6.469,-0.136,2026-09-21,synthetic_from_eia,https://www.openstreetmap.org/way/29078324
way/29078324,Leavesley Chevron,37.0218941,-121.5691198,regular,5.648,6.003,-0.355,2026-09-21,synthetic_from_eia,https://www.openstreetmap.org/way/29078324
way/30058782,World,37.1215869,-121.6473340,premium,5.970,6.469,-0.499,2026-09-21,synthetic_from_eia,https://www.openstreetmap.org/way/30058782
way/30058782,World,37.1215869,-121.6473340,regular,5.186,6.003,-0.817,2026-09-21,synthetic_from_eia,https://www.openstreetmap.org/way/30058782
way/31803290,Shell,32.9176584,-117.1212106,diesel,9.170,8.246,+0.924,2026-09-21,synthetic_from_eia,https://www.openstreetmap.org/way/31803290
way/31803290,Shell,32.9176584,-117.1212106,premium,7.141,6.469,+0.672,2026-09-21,synthetic_from_eia,https://www.openstreetmap.org/way/31803290
way/31803290,Shell,32.9176584,-117.1212106,regular,6.153,6.003,+0.150,2026-09-21,synthetic_from_eia,https://www.openstreetmap.org/way/31803290
way/31808936,Shell,32.9335793,-117.2399655,midgrade,7.178,6.276,+0.902,2026-09-21,synthetic_from_eia,https://www.openstreetmap.org/way/31808936
way/31808936,Shell,32.9335793,-117.2399655,premium,7.468,6.469,+0.999,2026-09-21,synthetic_from_eia,https://www.openstreetmap.org/way/31808936
way/31808936,Shell,32.9335793,-117.2399655,regular,6.348,6.003,+0.345,2026-09-21,synthetic_from_eia,https://www.openstreetmap.org/way/31808936
way/31816906,Shell,32.8508442,-117.2540281,diesel,7.785,8.246,-0.461,2026-09-21,synthetic_from_eia,https://www.openstreetmap.org/way/31816906
way/31816906,Shell,32.8508442,-117.2540281,midgrade,5.356,6.276,-0.920,2026-09-21,synthetic_from_eia,https://www.openstreetmap.org/way/31816906
way/31816906,Shell,32.8508442,-117.2540281,premium,6.982,6.469,+0.513,2026-09-21,synthetic_from_eia,https://www.openstreetmap.org/way/31816906
way/31816906,Shell,32.8508442,-117.2540281,regular,5.944,6.003,-0.059,2026-09-21,synthetic_from_eia,https://www.openstreetmap.org/way/31816906
way/31817395,Shell,32.8324157,-117.1537505,diesel,8.549,8.246,+0.303,2026-09-21,synthetic_from_eia,https://www.openstreetmap.org/way/31817395
way/31817441,Mobil,32.9502413,-117.1068793,diesel,9.078,8.246,+0.832,2026-09-21,synthetic_from_eia,https://www.openstreetmap.org/way/31817441
way/31819775,7-Eleven,32.9702543,-117.1616522,midgrade,5.639,6.276,-0.637,2026-09-21,synthetic_from_eia,https://www.openstreetmap.org/way/31819775
way/31819775,7-Eleven,32.9702543,-117.1616522,premium,6.640,6.469,+0.171,2026-09-21,synthetic_from_eia,https://www.openstreetmap.org/way/31819775
way/31819775,7-Eleven,32.9702543,-117.1616522,regular,6.273,6.003,+0.270,2026-09-21,synthetic_from_eia,https://www.openstreetmap.org/way/31819775
way/31843338,M Gasoline,32.8042064,-117.1396977,midgrade,6.259,6.276,-0.017,2026-09-21,synthetic_from_eia,https://www.openstreetmap.org/way/31843338
way/31843338,M Gasoline,32.8042064,-117.1396977,premium,5.651,6.469,-0.818,2026-09-21,synthetic_from_eia,https://www.openstreetmap.org/way/31843338
way/31843338,M Gasoline,32.8042064,-117.1396977,regular,5.699,6.003,-0.304,2026-09-21,synthetic_from_eia,https://www.openstreetmap.org/way/31843338
way/31843849,Chevron,32.8330386,-117.1642023,diesel,7.913,8.246,-0.333,2026-09-21,synthetic_from_eia,https://www.openstreetmap.org/way/31843849
way/31843849,Chevron,32.8330386,-117.1642023,regular,6.343,6.003,+0.340,2026-09-21,synthetic_from_eia,https://www.openstreetmap.org/way/31843849
way/37121740,(unnamed),37.2663964,-121.8316416,premium,7.184,6.469,+0.715,2026-09-21,synthetic_from_eia,https://www.openstreetmap.org/way/37121740
way/37570133,Valero,36.8025522,-121.6662575,regular,5.663,6.003,-0.340,2026-09-21,synthetic_from_eia,https://www.openstreetmap.org/way/37570133
way/39019190,Chevron,37.3555985,-121.9047026,regular,6.390,6.003,+0.387,2026-09-21,synthetic_from_eia,https://www.openstreetmap.org/way/39019190
way/39127310,Chevron,37.2753838,-121.8658451,diesel,7.822,8.246,-0.424,2026-09-21,synthetic_from_eia,https://www.openstreetmap.org/way/39127310
way/39127310,Chevron,37.2753838,-121.8658451,midgrade,7.166,6.276,+0.890,2026-09-21,synthetic_from_eia,https://www.openstreetmap.org/way/39127310
way/39127310,Chevron,37.2753838,-121.8658451,premium,7.096,6.469,+0.627,2026-09-21,synthetic_from_eia,https://www.openstreetmap.org/way/39127310
way/39127310,Chevron,37.2753838,-121.8658451,regular,6.103,6.003,+0.100,2026-09-21,synthetic_from_eia,https://www.openstreetmap.org/way/39127310
way/42107409,Chevron,33.6547485,-117.7010599,diesel,8.156,8.246,-0.090,2026-09-21,synthetic_from_eia,https://www.openstreetmap.org/way/42107409
way/42107409,Chevron,33.6547485,-117.7010599,premium,6.098,6.469,-0.371,2026-09-21,synthetic_from_eia,https://www.openstreetmap.org/way/42107409
way/44709725,Chevron,37.3640468,-121.8924398,diesel,7.893,8.246,-0.353,2026-09-21,synthetic_from_eia,https://www.openstreetmap.org/way/44709725
way/45631208,Conserv Fuel,35.2692718,-120.6565764,diesel,9.186,8.246,+0.940,2026-09-21,synthetic_from_eia,https://www.openstreetmap.org/way/45631208
way/45631208,Conserv Fuel,35.2692718,-120.6565764,midgrade,6.084,6.276,-0.192,2026-09-21,synthetic_from_eia,https://www.openstreetmap.org/way/45631208
way/45631208,Conserv Fuel,35.2692718,-120.6565764,premium,6.498,6.469,+0.029,2026-09-21,synthetic_from_eia,https://www.openstreetmap.org/way/45631208
way/45631208,Conserv Fuel,35.2692718,-120.6565764,regular,6.979,6.003,+0.976,2026-09-21,synthetic_from_eia,https://www.openstreetmap.org/way/45631208
way/62094854,76,37.5944812,-120.9392442,diesel,8.561,8.246,+0.315,2026-09-21,synthetic_from_eia,https://www.openstreetmap.org/way/62094854
way/62094854,76,37.5944812,-120.9392442,premium,6.554,6.469,+0.085,2026-09-21,synthetic_from_eia,https://www.openstreetmap.org/way/62094854
way/62094854,76,37.5944812,-120.9392442,regular,5.829,6.003,-0.174,2026-09-21,synthetic_from_eia,https://www.openstreetmap.org/way/62094854
way/68670028,Valero,33.6487418,-117.9187941,midgrade,5.651,6.276,-0.625,2026-09-21,synthetic_from_eia,https://www.openstreetmap.org/way/68670028
way/68670028,Valero,33.6487418,-117.9187941,premium,6.193,6.469,-0.276,2026-09-21,synthetic_from_eia,https://www.openstreetmap.org/way/68670028
way/68670028,Valero,33.6487418,-117.9187941,regular,6.516,6.003,+0.513,2026-09-21,synthetic_from_eia,https://www.openstreetmap.org/way/68670028
way/71051400,Shell,33.4799169,-117.1008508,diesel,8.497,8.246,+0.251,2026-09-21,synthetic_from_eia,https://www.openstreetmap.org/way/71051400
way/78283660,Casa de Diesel,36.9902977,-121.3804906,diesel,8.766,8.246,+0.520,2026-09-21,synthetic_from_eia,https://www.openstreetmap.org/way/78283660
way/79876666,Mobil,33.4854819,-117.0797666,diesel,7.653,8.246,-0.593,2026-09-21,synthetic_from_eia,https://www.openstreetmap.org/way/79876666
way/80799385,Pilot,34.9918882,-117.5418799,diesel,8.344,8.246,+0.098,2026-09-21,synthetic_from_eia,https://www.openstreetmap.org/way/80799385
way/80799385,Pilot,34.9918882,-117.5418799,midgrade,7.131,6.276,+0.855,2026-09-21,synthetic_from_eia,https://www.openstreetmap.org/way/80799385
way/80799385,Pilot,34.9918882,-117.5418799,premium,6.345,6.469,-0.124,2026-09-21,synthetic_from_eia,https://www.openstreetmap.org/way/80799385
way/80799385,Pilot,34.9918882,-117.5418799,regular,6.400,6.003,+0.397,2026-09-21,synthetic_from_eia,https://www.openstreetmap.org/way/80799385
way/101670478,Shell,37.3953297,-122.0283023,diesel,7.489,8.246,-0.757,2026-09-21,synthetic_from_eia,https://www.openstreetmap.org/way/101670478
way/101670478,Shell,37.3953297,-122.0283023,premium,7.415,6.469,+0.946,2026-09-21,synthetic_from_eia,https://www.openstreetmap.org/way/101670478
way/102683962,Chevron,33.7339492,-117.7614595,diesel,8.464,8.246,+0.218,2026-09-21,synthetic_from_eia,https://www.openstreetmap.org/way/102683962
way/117012076,Circle A,39.1591381,-121.5650158,diesel,7.725,8.246,-0.521,2026-09-21,synthetic_from_eia,https://www.openstreetmap.org/way/117012076
way/117012076,Circle A,39.1591381,-121.5650158,midgrade,5.593,6.276,-0.683,2026-09-21,synthetic_from_eia,https://www.openstreetmap.org/way/117012076
way/117012076,Circle A,39.1591381,-121.5650158,premium,6.571,6.469,+0.102,2026-09-21,synthetic_from_eia,https://www.openstreetmap.org/way/117012076
way/117012076,Circle A,39.1591381,-121.5650158,regular,6.108,6.003,+0.105,2026-09-21,synthetic_from_eia,https://www.openstreetmap.org/way/117012076
way/124380053,Valero,37.6732760,-122.0800244,diesel,7.432,8.246,-0.814,2026-09-21,synthetic_from_eia,https://www.openstreetmap.org/way/124380053
way/124889461,Shell,37.7806554,-122.3946800,diesel,9.231,8.246,+0.985,2026-09-21,synthetic_from_eia,https://www.openstreetmap.org/way/124889461
way/124889461,Shell,37.7806554,-122.3946800,midgrade,7.102,6.276,+0.826,2026-09-21,synthetic_from_eia,https://www.openstreetmap.org/way/124889461
way/124889461,Shell,37.7806554,-122.3946800,premium,6.392,6.469,-0.077,2026-09-21,synthetic_from_eia,https://www.openstreetmap.org/way/124889461
way/124889461,Shell,37.7806554,-122.3946800,regular,5.238,6.003,-0.765,2026-09-21,synthetic_from_eia,https://www.openstreetmap.org/way/124889461
way/130007379,Vons Fuel Station,33.8550672,-117.5643735,diesel,8.910,8.246,+0.664,2026-09-21,synthetic_from_eia,https://www.openstreetmap.org/way/130007379
way/143166130,Costco Gasoline,33.6977210,-117.8237386,premium,6.466,6.469,-0.003,2026-09-21,synthetic_from_eia,https://www.openstreetmap.org/way/143166130
way/143166130,Costco Gasoline,33.6977210,-117.8237386,regular,6.436,6.003,+0.433,2026-09-21,synthetic_from_eia,https://www.openstreetmap.org/way/143166130
way/145219013,Pechanga Gas Station,33.4544175,-117.1017034,diesel,8.264,8.246,+0.018,2026-09-21,synthetic_from_eia,https://www.openstreetmap.org/way/145219013
way/151707923,7-Eleven,36.5816654,-121.8285499,premium,6.016,6.469,-0.453,2026-09-21,synthetic_from_eia,https://www.openstreetmap.org/way/151707923
way/160336652,Chevron,33.4856900,-117.7251537,diesel,8.915,8.246,+0.669,2026-09-21,synthetic_from_eia,https://www.openstreetmap.org/way/160336652
way/162328842,Arco,33.6995804,-116.1917083,diesel,9.206,8.246,+0.960,2026-09-21,synthetic_from_eia,https://www.openstreetmap.org/way/162328842
way/170044798,Chevron,35.7476463,-120.6993216,diesel,7.733,8.246,-0.513,2026-09-21,synthetic_from_eia,https://www.openstreetmap.org/way/170044798
way/170044798,Chevron,35.7476463,-120.6993216,regular,6.106,6.003,+0.103,2026-09-21,synthetic_from_eia,https://www.openstreetmap.org/way/170044798
way/170949379,Shell,33.7747159,-117.9205888,midgrade,6.043,6.276,-0.233,2026-09-21,synthetic_from_eia,https://www.openstreetmap.org/way/170949379
way/170949379,Shell,33.7747159,-117.9205888,premium,7.313,6.469,+0.844,2026-09-21,synthetic_from_eia,https://www.openstreetmap.org/way/170949379
way/170949379,Shell,33.7747159,-117.9205888,regular,6.019,6.003,+0.016,2026-09-21,synthetic_from_eia,https://www.openstreetmap.org/way/170949379
way/175048455,Valero,37.2500797,-121.8660603,diesel,9.005,8.246,+0.759,2026-09-21,synthetic_from_eia,https://www.openstreetmap.org/way/175048455
way/176274333,Chevron,33.7918931,-117.7623306,diesel,8.974,8.246,+0.728,2026-09-21,synthetic_from_eia,https://www.openstreetmap.org/way/176274333
way/176274333,Chevron,33.7918931,-117.7623306,midgrade,5.828,6.276,-0.448,2026-09-21,synthetic_from_eia,https://www.openstreetmap.org/way/176274333
way/176274333,Chevron,33.7918931,-117.7623306,premium,7.049,6.469,+0.580,2026-09-21,synthetic_from_eia,https://www.openstreetmap.org/way/176274333
way/176274333,Chevron,33.7918931,-117.7623306,regular,5.833,6.003,-0.170,2026-09-21,synthetic_from_eia,https://www.openstreetmap.org/way/176274333
way/178180132,Safeway,36.9857223,-121.9645726,diesel,9.114,8.246,+0.868,2026-09-21,synthetic_from_eia,https://www.openstreetmap.org/way/178180132
way/178180132,Safeway,36.9857223,-121.9645726,premium,6.484,6.469,+0.015,2026-09-21,synthetic_from_eia,https://www.openstreetmap.org/way/178180132
way/184318357,Chevron,33.7892690,-117.8978753,diesel,8.887,8.246,+0.641,2026-09-21,synthetic_from_eia,https://www.openstreetmap.org/way/184318357
way/184318357,Chevron,33.7892690,-117.8978753,midgrade,5.842,6.276,-0.434,2026-09-21,synthetic_from_eia,https://www.openstreetmap.org/way/184318357
way/184318357,Chevron,33.7892690,-117.8978753,premium,6.066,6.469,-0.403,2026-09-21,synthetic_from_eia,https://www.openstreetmap.org/way/184318357
way/184318357,Chevron,33.7892690,-117.8978753,regular,6.177,6.003,+0.174,2026-09-21,synthetic_from_eia,https://www.openstreetmap.org/way/184318357
way/184681660,Shell,33.8177970,-117.8355714,diesel,9.244,8.246,+0.998,2026-09-21,synthetic_from_eia,https://www.openstreetmap.org/way/184681660
way/184681660,Shell,33.8177970,-117.8355714,midgrade,6.255,6.276,-0.021,2026-09-21,synthetic_from_eia,https://www.openstreetmap.org/way/184681660
way/184681660,Shell,33.8177970,-117.8355714,premium,5.766,6.469,-0.703,2026-09-21,synthetic_from_eia,https://www.openstreetmap.org/way/184681660
way/184681660,Shell,33.8177970,-117.8355714,regular,6.080,6.003,+0.077,2026-09-21,synthetic_from_eia,https://www.openstreetmap.org/way/184681660
way/186386966,Costco Gasoline,33.8625702,-117.9238623,premium,6.159,6.469,-0.310,2026-09-21,synthetic_from_eia,https://www.openstreetmap.org/way/186386966
way/186386966,Costco Gasoline,33.8625702,-117.9238623,regular,6.107,6.003,+0.104,2026-09-21,synthetic_from_eia,https://www.openstreetmap.org/way/186386966
way/197540088,Shell,34.6826778,-118.1662561,diesel,8.333,8.246,+0.087,2026-09-21,synthetic_from_eia,https://www.openstreetmap.org/way/197540088
way/197540088,Shell,34.6826778,-118.1662561,premium,6.380,6.469,-0.089,2026-09-21,synthetic_from_eia,https://www.openstreetmap.org/way/197540088
way/200677502,Chevron,35.0804757,-120.5873023,diesel,7.890,8.246,-0.356,2026-09-21,synthetic_from_eia,https://www.openstreetmap.org/way/200677502
way/202761850,Chevron,37.3188248,-120.4862398,premium,5.846,6.469,-0.623,2026-09-21,synthetic_from_eia,https://www.openstreetmap.org/way/202761850
way/203414426,Chevron,37.2875615,-120.4536391,diesel,8.641,8.246,+0.395,2026-09-21,synthetic_from_eia,https://www.openstreetmap.org/way/203414426
way/203414426,Chevron,37.2875615,-120.4536391,premium,6.613,6.469,+0.144,2026-09-21,synthetic_from_eia,https://www.openstreetmap.org/way/203414426
way/205257059,Arco,37.3030348,-120.5028035,premium,5.936,6.469,-0.533,2026-09-21,synthetic_from_eia,https://www.openstreetmap.org/way/205257059
way/205261059,Shell,37.2973469,-120.4823165,premium,7.020,6.469,+0.551,2026-09-21,synthetic_from_eia,https://www.openstreetmap.org/way/205261059
way/205262028,Valero,37.2880605,-120.4536738,diesel,7.333,8.246,-0.913,2026-09-21,synthetic_from_eia,https://www.openstreetmap.org/way/205262028
way/205262028,Valero,37.2880605,-120.4536738,premium,6.958,6.469,+0.489,2026-09-21,synthetic_from_eia,https://www.openstreetmap.org/way/205262028
way/206006457,Arco,37.3187026,-120.4689240,diesel,8.656,8.246,+0.410,2026-09-21,synthetic_from_eia,https://www.openstreetmap.org/way/206006457
way/206006457,Arco,37.3187026,-120.4689240,premium,7.092,6.469,+0.623,2026-09-21,synthetic_from_eia,https://www.openstreetmap.org/way/206006457
way/206020751,Chevron,37.2954900,-120.4666255,premium,6.241,6.469,-0.228,2026-09-21,synthetic_from_eia,https://www.openstreetmap.org/way/206020751
way/206021550,Handi Stop,37.2950522,-120.4581857,premium,6.796,6.469,+0.327,2026-09-21,synthetic_from_eia,https://www.openstreetmap.org/way/206021550
way/206021677,Ram,37.2950060,-120.4586777,premium,7.110,6.469,+0.641,2026-09-21,synthetic_from_eia,https://www.openstreetmap.org/way/206021677
way/215180163,Westmoor Chevron,37.3524101,-122.0515795,diesel,9.208,8.246,+0.962,2026-09-21,synthetic_from_eia,https://www.openstreetmap.org/way/215180163
way/221153165,(unnamed),34.8945981,-117.0051953,diesel,8.237,8.246,-0.009,2026-09-21,synthetic_from_eia,https://www.openstreetmap.org/way/221153165
way/223437162,Shell,33.6587017,-117.8029684,midgrade,5.350,6.276,-0.926,2026-09-21,synthetic_from_eia,https://www.openstreetmap.org/way/223437162
way/223437162,Shell,33.6587017,-117.8029684,premium,6.474,6.469,+0.005,2026-09-21,synthetic_from_eia,https://www.openstreetmap.org/way/223437162
way/223437162,Shell,33.6587017,-117.8029684,regular,6.183,6.003,+0.180,2026-09-21,synthetic_from_eia,https://www.openstreetmap.org/way/223437162
way/227074518,Shell,33.6862481,-117.8133518,diesel,8.985,8.246,+0.739,2026-09-21,synthetic_from_eia,https://www.openstreetmap.org/way/227074518
way/227074518,Shell,33.6862481,-117.8133518,premium,7.217,6.469,+0.748,2026-09-21,synthetic_from_eia,https://www.openstreetmap.org/way/227074518
way/227968073,Chevron,37.4068803,-122.0785063,midgrade,6.157,6.276,-0.119,2026-09-21,synthetic_from_eia,https://www.openstreetmap.org/way/227968073
way/227968073,Chevron,37.4068803,-122.0785063,premium,6.521,6.469,+0.052,2026-09-21,synthetic_from_eia,https://www.openstreetmap.org/way/227968073
way/227968073,Chevron,37.4068803,-122.0785063,regular,5.917,6.003,-0.086,2026-09-21,synthetic_from_eia,https://www.openstreetmap.org/way/227968073
way/227968077,Shell,37.4065346,-122.0777073,diesel,8.691,8.246,+0.445,2026-09-21,synthetic_from_eia,https://www.openstreetmap.org/way/227968077
way/227968077,Shell,37.4065346,-122.0777073,midgrade,6.096,6.276,-0.180,2026-09-21,synthetic_from_eia,https://www.openstreetmap.org/way/227968077
way/227968077,Shell,37.4065346,-122.0777073,premium,6.779,6.469,+0.310,2026-09-21,synthetic_from_eia,https://www.openstreetmap.org/way/227968077
way/227968077,Shell,37.4065346,-122.0777073,regular,5.312,6.003,-0.691,2026-09-21,synthetic_from_eia,https://www.openstreetmap.org/way/227968077
way/229225815,Alliance Gas Station & Repair,37.2946889,-121.9438872,diesel,8.185,8.246,-0.061,2026-09-21,synthetic_from_eia,https://www.openstreetmap.org/way/229225815
way/229225815,Alliance Gas Station & Repair,37.2946889,-121.9438872,regular,6.941,6.003,+0.938,2026-09-21,synthetic_from_eia,https://www.openstreetmap.org/way/229225815
way/229304972,Mobil,33.6475374,-117.6857002,diesel,7.923,8.246,-0.323,2026-09-21,synthetic_from_eia,https://www.openstreetmap.org/way/229304972
way/229304972,Mobil,33.6475374,-117.6857002,premium,6.854,6.469,+0.385,2026-09-21,synthetic_from_eia,https://www.openstreetmap.org/way/229304972
way/229314044,Chevron,33.8593409,-117.9984646,diesel,8.546,8.246,+0.300,2026-09-21,synthetic_from_eia,https://www.openstreetmap.org/way/229314044
way/232276843,Valero,37.4281914,-122.1492032,midgrade,6.980,6.276,+0.704,2026-09-21,synthetic_from_eia,https://www.openstreetmap.org/way/232276843
way/232276843,Valero,37.4281914,-122.1492032,premium,7.174,6.469,+0.705,2026-09-21,synthetic_from_eia,https://www.openstreetmap.org/way/232276843
way/232276843,Valero,37.4281914,-122.1492032,regular,6.722,6.003,+0.719,2026-09-21,synthetic_from_eia,https://www.openstreetmap.org/way/232276843
way/232668054,Palo Alto Shell,37.4258521,-122.1474855,diesel,8.006,8.246,-0.240,2026-09-21,synthetic_from_eia,https://www.openstreetmap.org/way/232668054
way/232668054,Palo Alto Shell,37.4258521,-122.1474855,midgrade,5.909,6.276,-0.367,2026-09-21,synthetic_from_eia,https://www.openstreetmap.org/way/232668054
way/232668054,Palo Alto Shell,37.4258521,-122.1474855,premium,6.906,6.469,+0.437,2026-09-21,synthetic_from_eia,https://www.openstreetmap.org/way/232668054
way/232668054,Palo Alto Shell,37.4258521,-122.1474855,regular,6.522,6.003,+0.519,2026-09-21,synthetic_from_eia,https://www.openstreetmap.org/way/232668054
way/233320662,76,33.9531772,-117.3874839,diesel,8.991,8.246,+0.745,2026-09-21,synthetic_from_eia,https://www.openstreetmap.org/way/233320662
way/233320662,76,33.9531772,-117.3874839,midgrade,5.348,6.276,-0.928,2026-09-21,synthetic_from_eia,https://www.openstreetmap.org/way/233320662
way/233320662,76,33.9531772,-117.3874839,premium,5.606,6.469,-0.863,2026-09-21,synthetic_from_eia,https://www.openstreetmap.org/way/233320662
way/233320662,76,33.9531772,-117.3874839,regular,6.265,6.003,+0.262,2026-09-21,synthetic_from_eia,https://www.openstreetmap.org/way/233320662
way/233523946,Chevron,33.9463758,-117.4190339,diesel,9.088,8.246,+0.842,2026-09-21,synthetic_from_eia,https://www.openstreetmap.org/way/233523946
way/233523946,Chevron,33.9463758,-117.4190339,midgrade,7.271,6.276,+0.995,2026-09-21,synthetic_from_eia,https://www.openstreetmap.org/way/233523946
way/233523946,Chevron,33.9463758,-117.4190339,premium,6.963,6.469,+0.494,2026-09-21,synthetic_from_eia,https://www.openstreetmap.org/way/233523946
way/233523946,Chevron,33.9463758,-117.4190339,regular,5.871,6.003,-0.132,2026-09-21,synthetic_from_eia,https://www.openstreetmap.org/way/233523946
way/236019641,Chevron,39.0765070,-121.5608429,diesel,7.443,8.246,-0.803,2026-09-21,synthetic_from_eia,https://www.openstreetmap.org/way/236019641
way/236019641,Chevron,39.0765070,-121.5608429,midgrade,6.543,6.276,+0.267,2026-09-21,synthetic_from_eia,https://www.openstreetmap.org/way/236019641
way/236019641,Chevron,39.0765070,-121.5608429,premium,7.214,6.469,+0.745,2026-09-21,synthetic_from_eia,https://www.openstreetmap.org/way/236019641
way/236019641,Chevron,39.0765070,-121.5608429,regular,5.890,6.003,-0.113,2026-09-21,synthetic_from_eia,https://www.openstreetmap.org/way/236019641
way/236857661,University Chevron,34.4298559,-119.8692331,diesel,8.634,8.246,+0.388,2026-09-21,synthetic_from_eia,https://www.openstreetmap.org/way/236857661
way/236857661,University Chevron,34.4298559,-119.8692331,midgrade,7.083,6.276,+0.807,2026-09-21,synthetic_from_eia,https://www.openstreetmap.org/way/236857661
way/236857661,University Chevron,34.4298559,-119.8692331,premium,5.561,6.469,-0.908,2026-09-21,synthetic_from_eia,https://www.openstreetmap.org/way/236857661
way/236857661,University Chevron,34.4298559,-119.8692331,regular,6.595,6.003,+0.592,2026-09-21,synthetic_from_eia,https://www.openstreetmap.org/way/236857661
way/238396692,Union Center,37.7190582,-122.1527664,regular,5.590,6.003,-0.413,2026-09-21,synthetic_from_eia,https://www.openstreetmap.org/way/238396692
way/240147665,Chevron,35.9868186,-119.9592543,diesel,7.996,8.246,-0.250,2026-09-21,synthetic_from_eia,https://www.openstreetmap.org/way/240147665
way/240147665,Chevron,35.9868186,-119.9592543,regular,5.294,6.003,-0.709,2026-09-21,synthetic_from_eia,https://www.openstreetmap.org/way/240147665
way/240212262,Marathon,37.4867763,-122.2188783,diesel,8.308,8.246,+0.062,2026-09-21,synthetic_from_eia,https://www.openstreetmap.org/way/240212262
way/240212262,Marathon,37.4867763,-122.2188783,midgrade,6.408,6.276,+0.132,2026-09-21,synthetic_from_eia,https://www.openstreetmap.org/way/240212262
way/240212262,Marathon,37.4867763,-122.2188783,premium,7.054,6.469,+0.585,2026-09-21,synthetic_from_eia,https://www.openstreetmap.org/way/240212262
way/240212262,Marathon,37.4867763,-122.2188783,regular,5.343,6.003,-0.660,2026-09-21,synthetic_from_eia,https://www.openstreetmap.org/way/240212262
way/240545863,Chevron,37.3802020,-122.0735457,diesel,7.404,8.246,-0.842,2026-09-21,synthetic_from_eia,https://www.openstreetmap.org/way/240545863
way/240545863,Chevron,37.3802020,-122.0735457,regular,6.745,6.003,+0.742,2026-09-21,synthetic_from_eia,https://www.openstreetmap.org/way/240545863
way/246225674,Shell,35.9873070,-119.9590334,diesel,8.485,8.246,+0.239,2026-09-21,synthetic_from_eia,https://www.openstreetmap.org/way/246225674
way/246225674,Shell,35.9873070,-119.9590334,regular,5.485,6.003,-0.518,2026-09-21,synthetic_from_eia,https://www.openstreetmap.org/way/246225674
way/253891165,Quick Stop #2,39.7309221,-121.8584956,diesel,9.072,8.246,+0.826,2026-09-21,synthetic_from_eia,https://www.openstreetmap.org/way/253891165
way/253891165,Quick Stop #2,39.7309221,-121.8584956,midgrade,5.562,6.276,-0.714,2026-09-21,synthetic_from_eia,https://www.openstreetmap.org/way/253891165
way/253891165,Quick Stop #2,39.7309221,-121.8584956,premium,6.391,6.469,-0.078,2026-09-21,synthetic_from_eia,https://www.openstreetmap.org/way/253891165
way/253891165,Quick Stop #2,39.7309221,-121.8584956,regular,5.511,6.003,-0.492,2026-09-21,synthetic_from_eia,https://www.openstreetmap.org/way/253891165
way/261985269,Pilot,41.3987620,-122.3771393,diesel,7.757,8.246,-0.489,2026-09-21,synthetic_from_eia,https://www.openstreetmap.org/way/261985269
way/261985269,Pilot,41.3987620,-122.3771393,premium,5.488,6.469,-0.981,2026-09-21,synthetic_from_eia,https://www.openstreetmap.org/way/261985269
way/261985270,Pilot,41.3991499,-122.3761690,diesel,8.855,8.246,+0.609,2026-09-21,synthetic_from_eia,https://www.openstreetmap.org/way/261985270
way/262310086,Pilot,38.8622810,-121.9506717,diesel,9.048,8.246,+0.802,2026-09-21,synthetic_from_eia,https://www.openstreetmap.org/way/262310086
way/263298253,Pilot,34.9916192,-117.5430975,diesel,8.601,8.246,+0.355,2026-09-21,synthetic_from_eia,https://www.openstreetmap.org/way/263298253
way/264776292,Arco,34.0217754,-118.8089971,diesel,7.562,8.246,-0.684,2026-09-21,synthetic_from_eia,https://www.openstreetmap.org/way/264776292
way/269048446,(unnamed),33.8737308,-117.9074893,midgrade,6.159,6.276,-0.117,2026-09-21,synthetic_from_eia,https://www.openstreetmap.org/way/269048446
way/269048446,(unnamed),33.8737308,-117.9074893,premium,6.160,6.469,-0.309,2026-09-21,synthetic_from_eia,https://www.openstreetmap.org/way/269048446
way/269048446,(unnamed),33.8737308,-117.9074893,regular,6.178,6.003,+0.175,2026-09-21,synthetic_from_eia,https://www.openstreetmap.org/way/269048446
way/277753492,Shell,37.3435594,-121.9281246,midgrade,6.554,6.276,+0.278,2026-09-21,synthetic_from_eia,https://www.openstreetmap.org/way/277753492
way/277753492,Shell,37.3435594,-121.9281246,premium,6.318,6.469,-0.151,2026-09-21,synthetic_from_eia,https://www.openstreetmap.org/way/277753492
way/277753492,Shell,37.3435594,-121.9281246,regular,5.503,6.003,-0.500,2026-09-21,synthetic_from_eia,https://www.openstreetmap.org/way/277753492
way/282603882,Norco Shell,33.9091027,-117.5617065,midgrade,6.967,6.276,+0.691,2026-09-21,synthetic_from_eia,https://www.openstreetmap.org/way/282603882
way/282603882,Norco Shell,33.9091027,-117.5617065,premium,5.867,6.469,-0.602,2026-09-21,synthetic_from_eia,https://www.openstreetmap.org/way/282603882
way/282603882,Norco Shell,33.9091027,-117.5617065,regular,5.772,6.003,-0.231,2026-09-21,synthetic_from_eia,https://www.openstreetmap.org/way/282603882
way/282618471,Costco Gasoline,38.6708267,-121.7230194,premium,6.435,6.469,-0.034,2026-09-21,synthetic_from_eia,https://www.openstreetmap.org/way/282618471
way/282618471,Costco Gasoline,38.6708267,-121.7230194,regular,5.477,6.003,-0.526,2026-09-21,synthetic_from_eia,https://www.openstreetmap.org/way/282618471
way/289864584,Chevron,33.8474158,-118.1420724,premium,6.613,6.469,+0.144,2026-09-21,synthetic_from_eia,https://www.openstreetmap.org/way/289864584
way/294765006,Arco,33.7444698,-116.2162050,diesel,8.396,8.246,+0.150,2026-09-21,synthetic_from_eia,https://www.openstreetmap.org/way/294765006
way/294765006,Arco,33.7444698,-116.2162050,midgrade,7.261,6.276,+0.985,2026-09-21,synthetic_from_eia,https://www.openstreetmap.org/way/294765006
way/294765006,Arco,33.7444698,-116.2162050,premium,6.059,6.469,-0.410,2026-09-21,synthetic_from_eia,https://www.openstreetmap.org/way/294765006
way/294765006,Arco,33.7444698,-116.2162050,regular,6.959,6.003,+0.956,2026-09-21,synthetic_from_eia,https://www.openstreetmap.org/way/294765006
way/295189467,Mobil,36.2738078,-118.0026083,regular,6.319,6.003,+0.316,2026-09-21,synthetic_from_eia,https://www.openstreetmap.org/way/295189467
way/295312912,Arco,33.7821434,-116.3563635,midgrade,5.825,6.276,-0.451,2026-09-21,synthetic_from_eia,https://www.openstreetmap.org/way/295312912
way/295312912,Arco,33.7821434,-116.3563635,premium,6.601,6.469,+0.132,2026-09-21,synthetic_from_eia,https://www.openstreetmap.org/way/295312912
way/295312912,Arco,33.7821434,-116.3563635,regular,6.375,6.003,+0.372,2026-09-21,synthetic_from_eia,https://www.openstreetmap.org/way/295312912
way/295607571,Chevron,33.5031604,-117.6575328,diesel,8.735,8.246,+0.489,2026-09-21,synthetic_from_eia,https://www.openstreetmap.org/way/295607571
way/297121880,Chevron,37.6931589,-122.1108019,diesel,7.344,8.246,-0.902,2026-09-21,synthetic_from_eia,https://www.openstreetmap.org/way/297121880
way/298143320,Sam's Club,33.8010912,-116.3860306,diesel,8.459,8.246,+0.213,2026-09-21,synthetic_from_eia,https://www.openstreetmap.org/way/298143320
way/298143320,Sam's Club,33.8010912,-116.3860306,premium,6.462,6.469,-0.007,2026-09-21,synthetic_from_eia,https://www.openstreetmap.org/way/298143320
way/298143320,Sam's Club,33.8010912,-116.3860306,regular,6.811,6.003,+0.808,2026-09-21,synthetic_from_eia,https://www.openstreetmap.org/way/298143320
way/302694938,Mobil,33.8599979,-118.1247139,premium,6.041,6.469,-0.428,2026-09-21,synthetic_from_eia,https://www.openstreetmap.org/way/302694938
way/306326720,Fastrip,33.6710899,-116.1821084,diesel,8.844,8.246,+0.598,2026-09-21,synthetic_from_eia,https://www.openstreetmap.org/way/306326720
way/306326720,Fastrip,33.6710899,-116.1821084,midgrade,6.490,6.276,+0.214,2026-09-21,synthetic_from_eia,https://www.openstreetmap.org/way/306326720
way/306326720,Fastrip,33.6710899,-116.1821084,premium,6.174,6.469,-0.295,2026-09-21,synthetic_from_eia,https://www.openstreetmap.org/way/306326720
way/306326720,Fastrip,33.6710899,-116.1821084,regular,6.276,6.003,+0.273,2026-09-21,synthetic_from_eia,https://www.openstreetmap.org/way/306326720
way/306326721,Fastrip,33.6715429,-116.1821046,diesel,8.488,8.246,+0.242,2026-09-21,synthetic_from_eia,https://www.openstreetmap.org/way/306326721
way/306326721,Fastrip,33.6715429,-116.1821046,midgrade,6.632,6.276,+0.356,2026-09-21,synthetic_from_eia,https://www.openstreetmap.org/way/306326721
way/306326721,Fastrip,33.6715429,-116.1821046,premium,6.911,6.469,+0.442,2026-09-21,synthetic_from_eia,https://www.openstreetmap.org/way/306326721
way/306326721,Fastrip,33.6715429,-116.1821046,regular,6.321,6.003,+0.318,2026-09-21,synthetic_from_eia,https://www.openstreetmap.org/way/306326721
way/331767049,76,33.8448449,-117.5369664,diesel,8.923,8.246,+0.677,2026-09-21,synthetic_from_eia,https://www.openstreetmap.org/way/331767049
way/344533468,Ralphs Gasoline,33.6370477,-117.6809291,diesel,8.502,8.246,+0.256,2026-09-21,synthetic_from_eia,https://www.openstreetmap.org/way/344533468
way/352723150,76,37.6634610,-121.8699845,diesel,9.053,8.246,+0.807,2026-09-21,synthetic_from_eia,https://www.openstreetmap.org/way/352723150
way/352723150,76,37.6634610,-121.8699845,regular,6.296,6.003,+0.293,2026-09-21,synthetic_from_eia,https://www.openstreetmap.org/way/352723150
way/359267180,Costco Gasoline,37.3711832,-121.9955006,premium,6.087,6.469,-0.382,2026-09-21,synthetic_from_eia,https://www.openstreetmap.org/way/359267180
way/359267180,Costco Gasoline,37.3711832,-121.9955006,regular,5.885,6.003,-0.118,2026-09-21,synthetic_from_eia,https://www.openstreetmap.org/way/359267180
way/360669471,76,37.3594192,-121.9082716,diesel,8.405,8.246,+0.159,2026-09-21,synthetic_from_eia,https://www.openstreetmap.org/way/360669471
way/360669471,76,37.3594192,-121.9082716,regular,6.468,6.003,+0.465,2026-09-21,synthetic_from_eia,https://www.openstreetmap.org/way/360669471
way/362165777,7-Eleven,38.3357725,-122.6763600,regular,5.183,6.003,-0.820,2026-09-21,synthetic_from_eia,https://www.openstreetmap.org/way/362165777
way/363048807,Chevron,33.5259559,-117.7116735,diesel,7.836,8.246,-0.410,2026-09-21,synthetic_from_eia,https://www.openstreetmap.org/way/363048807
way/371270042,Uncle Buddy's Pumps,38.7313054,-122.6239344,diesel,8.741,8.246,+0.495,2026-09-21,synthetic_from_eia,https://www.openstreetmap.org/way/371270042
way/371270042,Uncle Buddy's Pumps,38.7313054,-122.6239344,midgrade,5.627,6.276,-0.649,2026-09-21,synthetic_from_eia,https://www.openstreetmap.org/way/371270042
way/371270042,Uncle Buddy's Pumps,38.7313054,-122.6239344,premium,5.733,6.469,-0.736,2026-09-21,synthetic_from_eia,https://www.openstreetmap.org/way/371270042
way/371270042,Uncle Buddy's Pumps,38.7313054,-122.6239344,regular,6.082,6.003,+0.079,2026-09-21,synthetic_from_eia,https://www.openstreetmap.org/way/371270042
way/375647648,Mobil,33.7482690,-116.8849325,midgrade,7.219,6.276,+0.943,2026-09-21,synthetic_from_eia,https://www.openstreetmap.org/way/375647648
way/375647648,Mobil,33.7482690,-116.8849325,premium,6.531,6.469,+0.062,2026-09-21,synthetic_from_eia,https://www.openstreetmap.org/way/375647648
way/375647648,Mobil,33.7482690,-116.8849325,regular,6.830,6.003,+0.827,2026-09-21,synthetic_from_eia,https://www.openstreetmap.org/way/375647648
way/376923222,7-Eleven,32.7710068,-115.5527030,midgrade,6.937,6.276,+0.661,2026-09-21,synthetic_from_eia,https://www.openstreetmap.org/way/376923222
way/376923222,7-Eleven,32.7710068,-115.5527030,premium,5.983,6.469,-0.486,2026-09-21,synthetic_from_eia,https://www.openstreetmap.org/way/376923222
way/376923222,7-Eleven,32.7710068,-115.5527030,regular,6.652,6.003,+0.649,2026-09-21,synthetic_from_eia,https://www.openstreetmap.org/way/376923222
way/384783847,Chevron,32.7750929,-115.5517721,midgrade,6.240,6.276,-0.036,2026-09-21,synthetic_from_eia,https://www.openstreetmap.org/way/384783847
way/384783847,Chevron,32.7750929,-115.5517721,premium,7.082,6.469,+0.613,2026-09-21,synthetic_from_eia,https://www.openstreetmap.org/way/384783847
way/384783847,Chevron,32.7750929,-115.5517721,regular,6.496,6.003,+0.493,2026-09-21,synthetic_from_eia,https://www.openstreetmap.org/way/384783847
way/396741395,Costco Gasoline,34.2838552,-118.7952866,diesel,7.923,8.246,-0.323,2026-09-21,synthetic_from_eia,https://www.openstreetmap.org/way/396741395
way/396741395,Costco Gasoline,34.2838552,-118.7952866,premium,5.699,6.469,-0.770,2026-09-21,synthetic_from_eia,https://www.openstreetmap.org/way/396741395
way/396741395,Costco Gasoline,34.2838552,-118.7952866,regular,6.929,6.003,+0.926,2026-09-21,synthetic_from_eia,https://www.openstreetmap.org/way/396741395
way/401862285,Jamul Gas,32.7175240,-116.8766193,diesel,7.528,8.246,-0.718,2026-09-21,synthetic_from_eia,https://www.openstreetmap.org/way/401862285
way/401862285,Jamul Gas,32.7175240,-116.8766193,premium,7.402,6.469,+0.933,2026-09-21,synthetic_from_eia,https://www.openstreetmap.org/way/401862285
way/401862285,Jamul Gas,32.7175240,-116.8766193,regular,6.723,6.003,+0.720,2026-09-21,synthetic_from_eia,https://www.openstreetmap.org/way/401862285
way/401873873,Arco,32.7788485,-115.5519745,midgrade,6.724,6.276,+0.448,2026-09-21,synthetic_from_eia,https://www.openstreetmap.org/way/401873873
way/401873873,Arco,32.7788485,-115.5519745,premium,7.429,6.469,+0.960,2026-09-21,synthetic_from_eia,https://www.openstreetmap.org/way/401873873
way/401873873,Arco,32.7788485,-115.5519745,regular,6.938,6.003,+0.935,2026-09-21,synthetic_from_eia,https://www.openstreetmap.org/way/401873873
way/402308372,Arco,33.8101600,-117.8333111,diesel,8.855,8.246,+0.609,2026-09-21,synthetic_from_eia,https://www.openstreetmap.org/way/402308372
way/405154620,Chevron,33.1225176,-117.3194845,diesel,7.978,8.246,-0.268,2026-09-21,synthetic_from_eia,https://www.openstreetmap.org/way/405154620
way/407324073,Chevron,37.7718863,-122.4187281,premium,7.050,6.469,+0.581,2026-09-21,synthetic_from_eia,https://www.openstreetmap.org/way/407324073
way/408081139,Arco,33.8299060,-117.8364310,diesel,7.274,8.246,-0.972,2026-09-21,synthetic_from_eia,https://www.openstreetmap.org/way/408081139
way/408081139,Arco,33.8299060,-117.8364310,midgrade,6.349,6.276,+0.073,2026-09-21,synthetic_from_eia,https://www.openstreetmap.org/way/408081139
way/408081139,Arco,33.8299060,-117.8364310,premium,6.379,6.469,-0.090,2026-09-21,synthetic_from_eia,https://www.openstreetmap.org/way/408081139
way/408081139,Arco,33.8299060,-117.8364310,regular,6.349,6.003,+0.346,2026-09-21,synthetic_from_eia,https://www.openstreetmap.org/way/408081139
way/408804038,Alpine Mobil,33.8415948,-118.2895867,diesel,8.591,8.246,+0.345,2026-09-21,synthetic_from_eia,https://www.openstreetmap.org/way/408804038
way/409423010,UC Gas & Food,37.8711909,-122.2733434,diesel,8.415,8.246,+0.169,2026-09-21,synthetic_from_eia,https://www.openstreetmap.org/way/409423010
way/413182781,Village Fuel Stop Inc,34.4930739,-118.6201822,diesel,8.891,8.246,+0.645,2026-09-21,synthetic_from_eia,https://www.openstreetmap.org/way/413182781
way/420440489,Chevron,34.0276434,-118.5181233,diesel,9.127,8.246,+0.881,2026-09-21,synthetic_from_eia,https://www.openstreetmap.org/way/420440489
way/421843125,Chevron,33.8363454,-117.8341920,diesel,7.463,8.246,-0.783,2026-09-21,synthetic_from_eia,https://www.openstreetmap.org/way/421843125
way/421843125,Chevron,33.8363454,-117.8341920,regular,5.471,6.003,-0.532,2026-09-21,synthetic_from_eia,https://www.openstreetmap.org/way/421843125
way/423524565,Mobil,33.8387592,-118.0106750,diesel,7.296,8.246,-0.950,2026-09-21,synthetic_from_eia,https://www.openstreetmap.org/way/423524565
way/423524565,Mobil,33.8387592,-118.0106750,midgrade,7.044,6.276,+0.768,2026-09-21,synthetic_from_eia,https://www.openstreetmap.org/way/423524565
way/423524565,Mobil,33.8387592,-118.0106750,premium,6.592,6.469,+0.123,2026-09-21,synthetic_from_eia,https://www.openstreetmap.org/way/423524565
way/423524565,Mobil,33.8387592,-118.0106750,regular,6.834,6.003,+0.831,2026-09-21,synthetic_from_eia,https://www.openstreetmap.org/way/423524565
way/427499958,Mobil,34.0283218,-118.2188129,premium,5.912,6.469,-0.557,2026-09-21,synthetic_from_eia,https://www.openstreetmap.org/way/427499958
way/427628951,Valero,34.0411888,-118.2377441,diesel,7.372,8.246,-0.874,2026-09-21,synthetic_from_eia,https://www.openstreetmap.org/way/427628951
way/427628951,Valero,34.0411888,-118.2377441,premium,7.117,6.469,+0.648,2026-09-21,synthetic_from_eia,https://www.openstreetmap.org/way/427628951
way/428378611,Valero,39.7144671,-121.7883466,diesel,9.065,8.246,+0.819,2026-09-21,synthetic_from_eia,https://www.openstreetmap.org/way/428378611
way/428378611,Valero,39.7144671,-121.7883466,regular,5.607,6.003,-0.396,2026-09-21,synthetic_from_eia,https://www.openstreetmap.org/way/428378611
way/429153131,PetrolX,34.0958157,-118.2079601,diesel,8.063,8.246,-0.183,2026-09-21,synthetic_from_eia,https://www.openstreetmap.org/way/429153131
way/429313966,Sinclair,34.0208686,-118.1888416,diesel,7.526,8.246,-0.720,2026-09-21,synthetic_from_eia,https://www.openstreetmap.org/way/429313966
way/430516200,76,34.2213857,-118.5095216,diesel,9.139,8.246,+0.893,2026-09-21,synthetic_from_eia,https://www.openstreetmap.org/way/430516200
way/430516200,76,34.2213857,-118.5095216,midgrade,5.885,6.276,-0.391,2026-09-21,synthetic_from_eia,https://www.openstreetmap.org/way/430516200
way/430516200,76,34.2213857,-118.5095216,premium,6.454,6.469,-0.015,2026-09-21,synthetic_from_eia,https://www.openstreetmap.org/way/430516200
way/430516200,76,34.2213857,-118.5095216,regular,5.197,6.003,-0.806,2026-09-21,synthetic_from_eia,https://www.openstreetmap.org/way/430516200
way/430593733,Chevron,34.1718363,-118.4570748,midgrade,7.051,6.276,+0.775,2026-09-21,synthetic_from_eia,https://www.openstreetmap.org/way/430593733
way/430593733,Chevron,34.1718363,-118.4570748,premium,5.740,6.469,-0.729,2026-09-21,synthetic_from_eia,https://www.openstreetmap.org/way/430593733
way/430593733,Chevron,34.1718363,-118.4570748,regular,5.910,6.003,-0.093,2026-09-21,synthetic_from_eia,https://www.openstreetmap.org/way/430593733
way/430780633,Costco Gasoline,34.2315149,-118.5519489,premium,6.810,6.469,+0.341,2026-09-21,synthetic_from_eia,https://www.openstreetmap.org/way/430780633
way/430780633,Costco Gasoline,34.2315149,-118.5519489,regular,6.489,6.003,+0.486,2026-09-21,synthetic_from_eia,https://www.openstreetmap.org/way/430780633
way/431625142,Star Fuel,34.2497561,-118.4678144,premium,7.361,6.469,+0.892,2026-09-21,synthetic_from_eia,https://www.openstreetmap.org/way/431625142
way/431625142,Star Fuel,34.2497561,-118.4678144,regular,5.841,6.003,-0.162,2026-09-21,synthetic_from_eia,https://www.openstreetmap.org/way/431625142
way/431655146,V Red,34.1646226,-118.4571156,midgrade,6.761,6.276,+0.485,2026-09-21,synthetic_from_eia,https://www.openstreetmap.org/way/431655146
way/431655146,V Red,34.1646226,-118.4571156,premium,5.778,6.469,-0.691,2026-09-21,synthetic_from_eia,https://www.openstreetmap.org/way/431655146
way/431655146,V Red,34.1646226,-118.4571156,regular,5.833,6.003,-0.170,2026-09-21,synthetic_from_eia,https://www.openstreetmap.org/way/431655146
way/436352566,Spirit,40.4131156,-120.6392463,diesel,7.444,8.246,-0.802,2026-09-21,synthetic_from_eia,https://www.openstreetmap.org/way/436352566
way/436352566,Spirit,40.4131156,-120.6392463,regular,5.982,6.003,-0.021,2026-09-21,synthetic_from_eia,https://www.openstreetmap.org/way/436352566
way/441270431,Mobil,33.8606675,-118.1420616,midgrade,6.092,6.276,-0.184,2026-09-21,synthetic_from_eia,https://www.openstreetmap.org/way/441270431
way/441270431,Mobil,33.8606675,-118.1420616,premium,7.372,6.469,+0.903,2026-09-21,synthetic_from_eia,https://www.openstreetmap.org/way/441270431
way/441270431,Mobil,33.8606675,-118.1420616,regular,5.068,6.003,-0.935,2026-09-21,synthetic_from_eia,https://www.openstreetmap.org/way/441270431
way/441355251,Speedway Express,40.4149860,-120.6459653,diesel,7.987,8.246,-0.259,2026-09-21,synthetic_from_eia,https://www.openstreetmap.org/way/441355251
way/441355251,Speedway Express,40.4149860,-120.6459653,regular,5.890,6.003,-0.113,2026-09-21,synthetic_from_eia,https://www.openstreetmap.org/way/441355251
way/443675784,Chevron,33.7990685,-118.3514100,diesel,9.147,8.246,+0.901,2026-09-21,synthetic_from_eia,https://www.openstreetmap.org/way/443675784
way/443675784,Chevron,33.7990685,-118.3514100,regular,6.714,6.003,+0.711,2026-09-21,synthetic_from_eia,https://www.openstreetmap.org/way/443675784
way/449905649,76,33.9467970,-118.1497911,diesel,7.445,8.246,-0.801,2026-09-21,synthetic_from_eia,https://www.openstreetmap.org/way/449905649
way/449905649,76,33.9467970,-118.1497911,midgrade,6.647,6.276,+0.371,2026-09-21,synthetic_from_eia,https://www.openstreetmap.org/way/449905649
way/449905649,76,33.9467970,-118.1497911,premium,6.558,6.469,+0.089,2026-09-21,synthetic_from_eia,https://www.openstreetmap.org/way/449905649
way/449905649,76,33.9467970,-118.1497911,regular,6.959,6.003,+0.956,2026-09-21,synthetic_from_eia,https://www.openstreetmap.org/way/449905649
way/449908526,Chevron,33.9245051,-118.1521751,diesel,7.963,8.246,-0.283,2026-09-21,synthetic_from_eia,https://www.openstreetmap.org/way/449908526
way/450417408,Shell,33.9798014,-118.1279800,diesel,8.042,8.246,-0.204,2026-09-21,synthetic_from_eia,https://www.openstreetmap.org/way/450417408
way/450446898,Costco Gasoline,33.9953334,-118.1422349,diesel,7.626,8.246,-0.620,2026-09-21,synthetic_from_eia,https://www.openstreetmap.org/way/450446898
way/450446898,Costco Gasoline,33.9953334,-118.1422349,premium,5.713,6.469,-0.756,2026-09-21,synthetic_from_eia,https://www.openstreetmap.org/way/450446898
way/450446898,Costco Gasoline,33.9953334,-118.1422349,regular,6.699,6.003,+0.696,2026-09-21,synthetic_from_eia,https://www.openstreetmap.org/way/450446898
way/451370893,Shell,33.9670553,-118.1163456,diesel,8.155,8.246,-0.091,2026-09-21,synthetic_from_eia,https://www.openstreetmap.org/way/451370893
way/451439120,Arco,33.8968082,-118.1517004,midgrade,6.602,6.276,+0.326,2026-09-21,synthetic_from_eia,https://www.openstreetmap.org/way/451439120
way/451439120,Arco,33.8968082,-118.1517004,premium,6.752,6.469,+0.283,2026-09-21,synthetic_from_eia,https://www.openstreetmap.org/way/451439120
way/451439120,Arco,33.8968082,-118.1517004,regular,6.197,6.003,+0.194,2026-09-21,synthetic_from_eia,https://www.openstreetmap.org/way/451439120
way/452293817,Shell,34.0220526,-117.3358225,diesel,7.289,8.246,-0.957,2026-09-21,synthetic_from_eia,https://www.openstreetmap.org/way/452293817
way/452565534,Circle K,33.9622264,-117.6945588,diesel,8.820,8.246,+0.574,2026-09-21,synthetic_from_eia,https://www.openstreetmap.org/way/452565534
way/452565534,Circle K,33.9622264,-117.6945588,premium,5.956,6.469,-0.513,2026-09-21,synthetic_from_eia,https://www.openstreetmap.org/way/452565534
way/453639238,Circle K,32.6935752,-115.4829969,midgrade,5.528,6.276,-0.748,2026-09-21,synthetic_from_eia,https://www.openstreetmap.org/way/453639238
way/453639238,Circle K,32.6935752,-115.4829969,premium,6.598,6.469,+0.129,2026-09-21,synthetic_from_eia,https://www.openstreetmap.org/way/453639238
way/453639238,Circle K,32.6935752,-115.4829969,regular,5.140,6.003,-0.863,2026-09-21,synthetic_from_eia,https://www.openstreetmap.org/way/453639238
way/456625710,Chevron,33.8888372,-118.1822874,diesel,8.776,8.246,+0.530,2026-09-21,synthetic_from_eia,https://www.openstreetmap.org/way/456625710
way/456625710,Chevron,33.8888372,-118.1822874,premium,5.883,6.469,-0.586,2026-09-21,synthetic_from_eia,https://www.openstreetmap.org/way/456625710
way/456625710,Chevron,33.8888372,-118.1822874,regular,5.435,6.003,-0.568,2026-09-21,synthetic_from_eia,https://www.openstreetmap.org/way/456625710
way/468962911,(unnamed),33.7720823,-116.3379738,diesel,8.985,8.246,+0.739,2026-09-21,synthetic_from_eia,https://www.openstreetmap.org/way/468962911
way/468962911,(unnamed),33.7720823,-116.3379738,premium,6.126,6.469,-0.343,2026-09-21,synthetic_from_eia,https://www.openstreetmap.org/way/468962911
way/470559184,Costco Gasoline,34.1135353,-117.8284162,premium,5.764,6.469,-0.705,2026-09-21,synthetic_from_eia,https://www.openstreetmap.org/way/470559184
way/470559184,Costco Gasoline,34.1135353,-117.8284162,regular,6.804,6.003,+0.801,2026-09-21,synthetic_from_eia,https://www.openstreetmap.org/way/470559184
way/470969558,76,34.0514323,-118.0000320,diesel,7.252,8.246,-0.994,2026-09-21,synthetic_from_eia,https://www.openstreetmap.org/way/470969558
way/471058628,76,34.0695188,-118.1226669,diesel,8.963,8.246,+0.717,2026-09-21,synthetic_from_eia,https://www.openstreetmap.org/way/471058628
way/471084501,76,34.0795480,-117.9885931,regular,5.292,6.003,-0.711,2026-09-21,synthetic_from_eia,https://www.openstreetmap.org/way/471084501
way/472532305,Arco,34.3785936,-118.5560707,regular,5.263,6.003,-0.740,2026-09-21,synthetic_from_eia,https://www.openstreetmap.org/way/472532305
way/472536505,Kwik Serv,34.6215983,-118.4141522,diesel,7.747,8.246,-0.499,2026-09-21,synthetic_from_eia,https://www.openstreetmap.org/way/472536505
way/472536505,Kwik Serv,34.6215983,-118.4141522,regular,5.352,6.003,-0.651,2026-09-21,synthetic_from_eia,https://www.openstreetmap.org/way/472536505
way/472998660,Chevron,34.7961388,-118.8530645,diesel,8.568,8.246,+0.322,2026-09-21,synthetic_from_eia,https://www.openstreetmap.org/way/472998660
way/473000129,Flying J,34.8172201,-118.8867322,diesel,7.298,8.246,-0.948,2026-09-21,synthetic_from_eia,https://www.openstreetmap.org/way/473000129
way/479137008,Chevron,37.6664013,-122.1104426,regular,5.033,6.003,-0.970,2026-09-21,synthetic_from_eia,https://www.openstreetmap.org/way/479137008
way/480326187,76,33.1816419,-117.2967600,diesel,8.826,8.246,+0.580,2026-09-21,synthetic_from_eia,https://www.openstreetmap.org/way/480326187
way/480903356,Stovepipe Wells Gas Station,36.6070087,-117.1464702,regular,5.479,6.003,-0.524,2026-09-21,synthetic_from_eia,https://www.openstreetmap.org/way/480903356
way/485225491,76,36.8085053,-119.8742401,diesel,7.894,8.246,-0.352,2026-09-21,synthetic_from_eia,https://www.openstreetmap.org/way/485225491
way/485225491,76,36.8085053,-119.8742401,midgrade,5.624,6.276,-0.652,2026-09-21,synthetic_from_eia,https://www.openstreetmap.org/way/485225491
way/485225491,76,36.8085053,-119.8742401,premium,5.574,6.469,-0.895,2026-09-21,synthetic_from_eia,https://www.openstreetmap.org/way/485225491
way/485225491,76,36.8085053,-119.8742401,regular,6.486,6.003,+0.483,2026-09-21,synthetic_from_eia,https://www.openstreetmap.org/way/485225491
way/489802363,Chevron,39.2220740,-121.0536464,diesel,8.298,8.246,+0.052,2026-09-21,synthetic_from_eia,https://www.openstreetmap.org/way/489802363
way/489802363,Chevron,39.2220740,-121.0536464,premium,6.960,6.469,+0.491,2026-09-21,synthetic_from_eia,https://www.openstreetmap.org/way/489802363
way/489802363,Chevron,39.2220740,-121.0536464,regular,5.955,6.003,-0.048,2026-09-21,synthetic_from_eia,https://www.openstreetmap.org/way/489802363
way/491652205,Foods Co,36.7348752,-119.7357118,diesel,8.802,8.246,+0.556,2026-09-21,synthetic_from_eia,https://www.openstreetmap.org/way/491652205
way/491652205,Foods Co,36.7348752,-119.7357118,midgrade,6.302,6.276,+0.026,2026-09-21,synthetic_from_eia,https://www.openstreetmap.org/way/491652205
way/491652205,Foods Co,36.7348752,-119.7357118,premium,5.687,6.469,-0.782,2026-09-21,synthetic_from_eia,https://www.openstreetmap.org/way/491652205
way/491652205,Foods Co,36.7348752,-119.7357118,regular,6.011,6.003,+0.008,2026-09-21,synthetic_from_eia,https://www.openstreetmap.org/way/491652205
way/495091227,Valero,37.4313202,-120.0985920,diesel,9.137,8.246,+0.891,2026-09-21,synthetic_from_eia,https://www.openstreetmap.org/way/495091227
way/496520469,Furnace Creek Fuel and Auto Service,36.4600493,-116.8657367,diesel,7.333,8.246,-0.913,2026-09-21,synthetic_from_eia,https://www.openstreetmap.org/way/496520469
way/496520469,Furnace Creek Fuel and Auto Service,36.4600493,-116.8657367,midgrade,6.842,6.276,+0.566,2026-09-21,synthetic_from_eia,https://www.openstreetmap.org/way/496520469
way/496520469,Furnace Creek Fuel and Auto Service,36.4600493,-116.8657367,premium,7.203,6.469,+0.734,2026-09-21,synthetic_from_eia,https://www.openstreetmap.org/way/496520469
way/496520469,Furnace Creek Fuel and Auto Service,36.4600493,-116.8657367,regular,6.046,6.003,+0.043,2026-09-21,synthetic_from_eia,https://www.openstreetmap.org/way/496520469
way/499976687,(unnamed),34.2243675,-119.1417990,diesel,8.162,8.246,-0.084,2026-09-21,synthetic_from_eia,https://www.openstreetmap.org/way/499976687
way/501404709,Arco,33.7089070,-117.8487347,diesel,9.174,8.246,+0.928,2026-09-21,synthetic_from_eia,https://www.openstreetmap.org/way/501404709
way/501404709,Arco,33.7089070,-117.8487347,midgrade,5.398,6.276,-0.878,2026-09-21,synthetic_from_eia,https://www.openstreetmap.org/way/501404709
way/501404709,Arco,33.7089070,-117.8487347,premium,6.427,6.469,-0.042,2026-09-21,synthetic_from_eia,https://www.openstreetmap.org/way/501404709
way/501404709,Arco,33.7089070,-117.8487347,regular,5.806,6.003,-0.197,2026-09-21,synthetic_from_eia,https://www.openstreetmap.org/way/501404709
way/501404713,7-Eleven,33.7081444,-117.8500009,diesel,8.618,8.246,+0.372,2026-09-21,synthetic_from_eia,https://www.openstreetmap.org/way/501404713
way/501404713,7-Eleven,33.7081444,-117.8500009,midgrade,6.257,6.276,-0.019,2026-09-21,synthetic_from_eia,https://www.openstreetmap.org/way/501404713
way/501404713,7-Eleven,33.7081444,-117.8500009,premium,7.288,6.469,+0.819,2026-09-21,synthetic_from_eia,https://www.openstreetmap.org/way/501404713
way/501404713,7-Eleven,33.7081444,-117.8500009,regular,5.150,6.003,-0.853,2026-09-21,synthetic_from_eia,https://www.openstreetmap.org/way/501404713
way/503271741,Chevron,33.6139765,-117.7092019,diesel,7.408,8.246,-0.838,2026-09-21,synthetic_from_eia,https://www.openstreetmap.org/way/503271741
way/503271741,Chevron,33.6139765,-117.7092019,premium,6.686,6.469,+0.217,2026-09-21,synthetic_from_eia,https://www.openstreetmap.org/way/503271741
way/503271741,Chevron,33.6139765,-117.7092019,regular,5.134,6.003,-0.869,2026-09-21,synthetic_from_eia,https://www.openstreetmap.org/way/503271741
way/516916570,Corona del Mar Gas,33.6052160,-117.8757748,diesel,7.796,8.246,-0.450,2026-09-21,synthetic_from_eia,https://www.openstreetmap.org/way/516916570
way/516916583,Chevron,33.6158869,-117.9004187,diesel,8.512,8.246,+0.266,2026-09-21,synthetic_from_eia,https://www.openstreetmap.org/way/516916583
way/518035352,Shell,33.6845625,-117.1677915,diesel,8.343,8.246,+0.097,2026-09-21,synthetic_from_eia,https://www.openstreetmap.org/way/518035352
way/530667364,Safeway Fuel Center,37.2473842,-121.8035004,regular,5.653,6.003,-0.350,2026-09-21,synthetic_from_eia,https://www.openstreetmap.org/way/530667364
way/530671682,Chevron,32.8080490,-116.9361305,diesel,9.235,8.246,+0.989,2026-09-21,synthetic_from_eia,https://www.openstreetmap.org/way/530671682
way/536262453,Exxon,37.7056482,-121.9352866,diesel,8.307,8.246,+0.061,2026-09-21,synthetic_from_eia,https://www.openstreetmap.org/way/536262453
way/542537995,Costco Gasoline,34.9266799,-120.4211899,premium,6.376,6.469,-0.093,2026-09-21,synthetic_from_eia,https://www.openstreetmap.org/way/542537995
way/542537995,Costco Gasoline,34.9266799,-120.4211899,regular,6.214,6.003,+0.211,2026-09-21,synthetic_from_eia,https://www.openstreetmap.org/way/542537995
way/544065361,Chevron,32.9521567,-117.0621086,diesel,7.444,8.246,-0.802,2026-09-21,synthetic_from_eia,https://www.openstreetmap.org/way/544065361
way/545758136,Fast Lane Gas 2,38.6051516,-122.8691549,diesel,8.650,8.246,+0.404,2026-09-21,synthetic_from_eia,https://www.openstreetmap.org/way/545758136
way/545758136,Fast Lane Gas 2,38.6051516,-122.8691549,midgrade,6.982,6.276,+0.706,2026-09-21,synthetic_from_eia,https://www.openstreetmap.org/way/545758136
way/545758136,Fast Lane Gas 2,38.6051516,-122.8691549,premium,6.771,6.469,+0.302,2026-09-21,synthetic_from_eia,https://www.openstreetmap.org/way/545758136
way/545758136,Fast Lane Gas 2,38.6051516,-122.8691549,regular,6.541,6.003,+0.538,2026-09-21,synthetic_from_eia,https://www.openstreetmap.org/way/545758136
way/546998196,Pilot,41.3985382,-122.3775903,diesel,8.688,8.246,+0.442,2026-09-21,synthetic_from_eia,https://www.openstreetmap.org/way/546998196
way/546998196,Pilot,41.3985382,-122.3775903,midgrade,5.706,6.276,-0.570,2026-09-21,synthetic_from_eia,https://www.openstreetmap.org/way/546998196
way/546998196,Pilot,41.3985382,-122.3775903,premium,6.372,6.469,-0.097,2026-09-21,synthetic_from_eia,https://www.openstreetmap.org/way/546998196
way/546998196,Pilot,41.3985382,-122.3775903,regular,5.460,6.003,-0.543,2026-09-21,synthetic_from_eia,https://www.openstreetmap.org/way/546998196
way/547279027,76,37.7737645,-120.8292306,diesel,7.924,8.246,-0.322,2026-09-21,synthetic_from_eia,https://www.openstreetmap.org/way/547279027
way/547279027,76,37.7737645,-120.8292306,regular,5.910,6.003,-0.093,2026-09-21,synthetic_from_eia,https://www.openstreetmap.org/way/547279027
way/550031814,Poppy Fuel,33.7868695,-117.0084601,diesel,8.078,8.246,-0.168,2026-09-21,synthetic_from_eia,https://www.openstreetmap.org/way/550031814
way/550031814,Poppy Fuel,33.7868695,-117.0084601,premium,5.659,6.469,-0.810,2026-09-21,synthetic_from_eia,https://www.openstreetmap.org/way/550031814
way/550031814,Poppy Fuel,33.7868695,-117.0084601,regular,5.857,6.003,-0.146,2026-09-21,synthetic_from_eia,https://www.openstreetmap.org/way/550031814
way/555864839,Valero,38.0618640,-120.1987552,diesel,8.576,8.246,+0.330,2026-09-21,synthetic_from_eia,https://www.openstreetmap.org/way/555864839
way/555864839,Valero,38.0618640,-120.1987552,premium,6.218,6.469,-0.251,2026-09-21,synthetic_from_eia,https://www.openstreetmap.org/way/555864839
way/556296990,Chevron,33.4182658,-117.6038616,diesel,7.551,8.246,-0.695,2026-09-21,synthetic_from_eia,https://www.openstreetmap.org/way/556296990
way/556605225,Arco,33.9753999,-117.3394528,midgrade,7.122,6.276,+0.846,2026-09-21,synthetic_from_eia,https://www.openstreetmap.org/way/556605225
way/556605225,Arco,33.9753999,-117.3394528,premium,5.603,6.469,-0.866,2026-09-21,synthetic_from_eia,https://www.openstreetmap.org/way/556605225
way/556605225,Arco,33.9753999,-117.3394528,regular,6.667,6.003,+0.664,2026-09-21,synthetic_from_eia,https://www.openstreetmap.org/way/556605225
way/556624910,7-Eleven,36.6944873,-121.8015329,diesel,7.432,8.246,-0.814,2026-09-21,synthetic_from_eia,https://www.openstreetmap.org/way/556624910
way/556624910,7-Eleven,36.6944873,-121.8015329,midgrade,5.469,6.276,-0.807,2026-09-21,synthetic_from_eia,https://www.openstreetmap.org/way/556624910
way/556624910,7-Eleven,36.6944873,-121.8015329,premium,6.947,6.469,+0.478,2026-09-21,synthetic_from_eia,https://www.openstreetmap.org/way/556624910
way/556624910,7-Eleven,36.6944873,-121.8015329,regular,6.627,6.003,+0.624,2026-09-21,synthetic_from_eia,https://www.openstreetmap.org/way/556624910
way/558815760,Shell,36.6078943,-118.0647902,regular,6.116,6.003,+0.113,2026-09-21,synthetic_from_eia,https://www.openstreetmap.org/way/558815760
way/574655283,Costco Gasoline,38.3520356,-122.7179111,diesel,8.419,8.246,+0.173,2026-09-21,synthetic_from_eia,https://www.openstreetmap.org/way/574655283
way/574655283,Costco Gasoline,38.3520356,-122.7179111,regular,6.126,6.003,+0.123,2026-09-21,synthetic_from_eia,https://www.openstreetmap.org/way/574655283
way/575060678,Chevron,40.4156596,-120.6506097,diesel,7.905,8.246,-0.341,2026-09-21,synthetic_from_eia,https://www.openstreetmap.org/way/575060678
way/575060678,Chevron,40.4156596,-120.6506097,regular,5.247,6.003,-0.756,2026-09-21,synthetic_from_eia,https://www.openstreetmap.org/way/575060678
way/597059925,(unnamed),32.7718402,-115.5556616,midgrade,5.983,6.276,-0.293,2026-09-21,synthetic_from_eia,https://www.openstreetmap.org/way/597059925
way/597059925,(unnamed),32.7718402,-115.5556616,premium,6.800,6.469,+0.331,2026-09-21,synthetic_from_eia,https://www.openstreetmap.org/way/597059925
way/597059925,(unnamed),32.7718402,-115.5556616,regular,6.504,6.003,+0.501,2026-09-21,synthetic_from_eia,https://www.openstreetmap.org/way/597059925
way/597086903,7-Eleven,32.6935626,-115.4965662,midgrade,7.012,6.276,+0.736,2026-09-21,synthetic_from_eia,https://www.openstreetmap.org/way/597086903
way/597086903,7-Eleven,32.6935626,-115.4965662,premium,6.911,6.469,+0.442,2026-09-21,synthetic_from_eia,https://www.openstreetmap.org/way/597086903
way/597086903,7-Eleven,32.6935626,-115.4965662,regular,6.940,6.003,+0.937,2026-09-21,synthetic_from_eia,https://www.openstreetmap.org/way/597086903
way/597530239,7-Eleven,32.7963618,-115.5618203,midgrade,6.477,6.276,+0.201,2026-09-21,synthetic_from_eia,https://www.openstreetmap.org/way/597530239
way/597530239,7-Eleven,32.7963618,-115.5618203,premium,6.172,6.469,-0.297,2026-09-21,synthetic_from_eia,https://www.openstreetmap.org/way/597530239
way/597530239,7-Eleven,32.7963618,-115.5618203,regular,6.159,6.003,+0.156,2026-09-21,synthetic_from_eia,https://www.openstreetmap.org/way/597530239
way/599075687,Fillco,32.7812076,-115.5526146,midgrade,5.701,6.276,-0.575,2026-09-21,synthetic_from_eia,https://www.openstreetmap.org/way/599075687
way/599075687,Fillco,32.7812076,-115.5526146,premium,6.782,6.469,+0.313,2026-09-21,synthetic_from_eia,https://www.openstreetmap.org/way/599075687
way/599075687,Fillco,32.7812076,-115.5526146,regular,5.451,6.003,-0.552,2026-09-21,synthetic_from_eia,https://www.openstreetmap.org/way/599075687
way/599075731,Shell,32.7787165,-115.5526172,midgrade,5.492,6.276,-0.784,2026-09-21,synthetic_from_eia,https://www.openstreetmap.org/way/599075731
way/599075731,Shell,32.7787165,-115.5526172,premium,7.160,6.469,+0.691,2026-09-21,synthetic_from_eia,https://www.openstreetmap.org/way/599075731
way/599075731,Shell,32.7787165,-115.5526172,regular,5.738,6.003,-0.265,2026-09-21,synthetic_from_eia,https://www.openstreetmap.org/way/599075731
way/601771759,Shell,32.7931237,-115.5360869,midgrade,6.801,6.276,+0.525,2026-09-21,synthetic_from_eia,https://www.openstreetmap.org/way/601771759
way/601771759,Shell,32.7931237,-115.5360869,premium,6.617,6.469,+0.148,2026-09-21,synthetic_from_eia,https://www.openstreetmap.org/way/601771759
way/601771759,Shell,32.7931237,-115.5360869,regular,6.617,6.003,+0.614,2026-09-21,synthetic_from_eia,https://www.openstreetmap.org/way/601771759
way/601773280,7-Eleven,32.7757378,-115.5525382,midgrade,6.966,6.276,+0.690,2026-09-21,synthetic_from_eia,https://www.openstreetmap.org/way/601773280
way/601773280,7-Eleven,32.7757378,-115.5525382,premium,7.418,6.469,+0.949,2026-09-21,synthetic_from_eia,https://www.openstreetmap.org/way/601773280
way/601773280,7-Eleven,32.7757378,-115.5525382,regular,6.640,6.003,+0.637,2026-09-21,synthetic_from_eia,https://www.openstreetmap.org/way/601773280
way/601781291,Chevron,32.7775384,-115.5699082,midgrade,6.503,6.276,+0.227,2026-09-21,synthetic_from_eia,https://www.openstreetmap.org/way/601781291
way/601781291,Chevron,32.7775384,-115.5699082,premium,6.754,6.469,+0.285,2026-09-21,synthetic_from_eia,https://www.openstreetmap.org/way/601781291
way/601781291,Chevron,32.7775384,-115.5699082,regular,5.056,6.003,-0.947,2026-09-21,synthetic_from_eia,https://www.openstreetmap.org/way/601781291
way/601781311,7-Eleven,32.7768424,-115.5690646,midgrade,7.134,6.276,+0.858,2026-09-21,synthetic_from_eia,https://www.openstreetmap.org/way/601781311
way/601781311,7-Eleven,32.7768424,-115.5690646,premium,7.128,6.469,+0.659,2026-09-21,synthetic_from_eia,https://www.openstreetmap.org/way/601781311
way/601781311,7-Eleven,32.7768424,-115.5690646,regular,5.538,6.003,-0.465,2026-09-21,synthetic_from_eia,https://www.openstreetmap.org/way/601781311
way/603083229,7-Eleven,32.7280603,-116.9091149,premium,5.830,6.469,-0.639,2026-09-21,synthetic_from_eia,https://www.openstreetmap.org/way/603083229
way/603083229,7-Eleven,32.7280603,-116.9091149,regular,6.408,6.003,+0.405,2026-09-21,synthetic_from_eia,https://www.openstreetmap.org/way/603083229
way/605362727,USA,32.6787993,-115.4982840,midgrade,5.894,6.276,-0.382,2026-09-21,synthetic_from_eia,https://www.openstreetmap.org/way/605362727
way/605362727,USA,32.6787993,-115.4982840,premium,6.149,6.469,-0.320,2026-09-21,synthetic_from_eia,https://www.openstreetmap.org/way/605362727
way/605362727,USA,32.6787993,-115.4982840,regular,5.015,6.003,-0.988,2026-09-21,synthetic_from_eia,https://www.openstreetmap.org/way/605362727
way/605362730,Fillco,32.6786903,-115.4989300,midgrade,7.016,6.276,+0.740,2026-09-21,synthetic_from_eia,https://www.openstreetmap.org/way/605362730
way/605362730,Fillco,32.6786903,-115.4989300,premium,6.602,6.469,+0.133,2026-09-21,synthetic_from_eia,https://www.openstreetmap.org/way/605362730
way/605362730,Fillco,32.6786903,-115.4989300,regular,5.805,6.003,-0.198,2026-09-21,synthetic_from_eia,https://www.openstreetmap.org/way/605362730
way/606154143,Arco,34.4202553,-117.2963695,regular,5.287,6.003,-0.716,2026-09-21,synthetic_from_eia,https://www.openstreetmap.org/way/606154143
way/609836055,Shell,33.9280002,-117.4206681,diesel,8.512,8.246,+0.266,2026-09-21,synthetic_from_eia,https://www.openstreetmap.org/way/609836055
way/609836055,Shell,33.9280002,-117.4206681,midgrade,5.337,6.276,-0.939,2026-09-21,synthetic_from_eia,https://www.openstreetmap.org/way/609836055
way/609836055,Shell,33.9280002,-117.4206681,premium,6.961,6.469,+0.492,2026-09-21,synthetic_from_eia,https://www.openstreetmap.org/way/609836055
way/609836055,Shell,33.9280002,-117.4206681,regular,5.433,6.003,-0.570,2026-09-21,synthetic_from_eia,https://www.openstreetmap.org/way/609836055
way/611501568,Shell,38.4086175,-121.3929883,diesel,8.086,8.246,-0.160,2026-09-21,synthetic_from_eia,https://www.openstreetmap.org/way/611501568
way/611501568,Shell,38.4086175,-121.3929883,regular,5.685,6.003,-0.318,2026-09-21,synthetic_from_eia,https://www.openstreetmap.org/way/611501568
way/611856453,76,34.2184847,-118.2309609,diesel,7.986,8.246,-0.260,2026-09-21,synthetic_from_eia,https://www.openstreetmap.org/way/611856453
way/611856453,76,34.2184847,-118.2309609,regular,6.446,6.003,+0.443,2026-09-21,synthetic_from_eia,https://www.openstreetmap.org/way/611856453
way/616197537,Chevron,32.6047992,-117.0395163,midgrade,6.830,6.276,+0.554,2026-09-21,synthetic_from_eia,https://www.openstreetmap.org/way/616197537
way/616197537,Chevron,32.6047992,-117.0395163,premium,6.604,6.469,+0.135,2026-09-21,synthetic_from_eia,https://www.openstreetmap.org/way/616197537
way/616197537,Chevron,32.6047992,-117.0395163,regular,5.173,6.003,-0.830,2026-09-21,synthetic_from_eia,https://www.openstreetmap.org/way/616197537
way/624137874,Chevron,32.5841169,-117.0615105,diesel,7.351,8.246,-0.895,2026-09-21,synthetic_from_eia,https://www.openstreetmap.org/way/624137874
way/624967177,Stars and Stripes Gas and Diesel,32.5944287,-117.0379307,diesel,7.561,8.246,-0.685,2026-09-21,synthetic_from_eia,https://www.openstreetmap.org/way/624967177
way/624967177,Stars and Stripes Gas and Diesel,32.5944287,-117.0379307,premium,6.705,6.469,+0.236,2026-09-21,synthetic_from_eia,https://www.openstreetmap.org/way/624967177
way/624967177,Stars and Stripes Gas and Diesel,32.5944287,-117.0379307,regular,6.351,6.003,+0.348,2026-09-21,synthetic_from_eia,https://www.openstreetmap.org/way/624967177
way/638392376,Costco Gasoline,33.8755482,-117.7450388,premium,6.013,6.469,-0.456,2026-09-21,synthetic_from_eia,https://www.openstreetmap.org/way/638392376
way/638392376,Costco Gasoline,33.8755482,-117.7450388,regular,6.327,6.003,+0.324,2026-09-21,synthetic_from_eia,https://www.openstreetmap.org/way/638392376
way/645529476,Washington Mobil,32.7427720,-117.1812172,diesel,8.217,8.246,-0.029,2026-09-21,synthetic_from_eia,https://www.openstreetmap.org/way/645529476
way/647916863,Chevron,32.7431595,-117.1820128,diesel,8.130,8.246,-0.116,2026-09-21,synthetic_from_eia,https://www.openstreetmap.org/way/647916863
way/655831155,Costco Gasoline,33.8506387,-118.1356523,premium,6.015,6.469,-0.454,2026-09-21,synthetic_from_eia,https://www.openstreetmap.org/way/655831155
way/655831155,Costco Gasoline,33.8506387,-118.1356523,regular,6.513,6.003,+0.510,2026-09-21,synthetic_from_eia,https://www.openstreetmap.org/way/655831155
way/656120165,Speedway,33.5514042,-117.1411185,diesel,7.474,8.246,-0.772,2026-09-21,synthetic_from_eia,https://www.openstreetmap.org/way/656120165
way/660075776,Speedway Express,39.4120074,-123.8081199,diesel,8.106,8.246,-0.140,2026-09-21,synthetic_from_eia,https://www.openstreetmap.org/way/660075776
way/660075776,Speedway Express,39.4120074,-123.8081199,midgrade,5.842,6.276,-0.434,2026-09-21,synthetic_from_eia,https://www.openstreetmap.org/way/660075776
way/660075776,Speedway Express,39.4120074,-123.8081199,premium,6.826,6.469,+0.357,2026-09-21,synthetic_from_eia,https://www.openstreetmap.org/way/660075776
way/660075776,Speedway Express,39.4120074,-123.8081199,regular,5.976,6.003,-0.027,2026-09-21,synthetic_from_eia,https://www.openstreetmap.org/way/660075776
way/660075785,Norcal Gasoline,39.4158829,-123.8084897,diesel,8.580,8.246,+0.334,2026-09-21,synthetic_from_eia,https://www.openstreetmap.org/way/660075785
way/660075785,Norcal Gasoline,39.4158829,-123.8084897,midgrade,5.367,6.276,-0.909,2026-09-21,synthetic_from_eia,https://www.openstreetmap.org/way/660075785
way/660075785,Norcal Gasoline,39.4158829,-123.8084897,premium,6.260,6.469,-0.209,2026-09-21,synthetic_from_eia,https://www.openstreetmap.org/way/660075785
way/660075785,Norcal Gasoline,39.4158829,-123.8084897,regular,6.202,6.003,+0.199,2026-09-21,synthetic_from_eia,https://www.openstreetmap.org/way/660075785
way/663370363,Circle K,33.7734107,-117.0071751,diesel,7.261,8.246,-0.985,2026-09-21,synthetic_from_eia,https://www.openstreetmap.org/way/663370363
way/663370363,Circle K,33.7734107,-117.0071751,midgrade,5.879,6.276,-0.397,2026-09-21,synthetic_from_eia,https://www.openstreetmap.org/way/663370363
way/663370363,Circle K,33.7734107,-117.0071751,premium,5.891,6.469,-0.578,2026-09-21,synthetic_from_eia,https://www.openstreetmap.org/way/663370363
way/663370363,Circle K,33.7734107,-117.0071751,regular,5.277,6.003,-0.726,2026-09-21,synthetic_from_eia,https://www.openstreetmap.org/way/663370363
way/670577857,Chevron,33.6297470,-117.7167259,diesel,7.757,8.246,-0.489,2026-09-21,synthetic_from_eia,https://www.openstreetmap.org/way/670577857
way/670577857,Chevron,33.6297470,-117.7167259,premium,6.125,6.469,-0.344,2026-09-21,synthetic_from_eia,https://www.openstreetmap.org/way/670577857
way/685939120,Arco,33.9199057,-117.4885970,diesel,7.261,8.246,-0.985,2026-09-21,synthetic_from_eia,https://www.openstreetmap.org/way/685939120
way/685939120,Arco,33.9199057,-117.4885970,midgrade,6.770,6.276,+0.494,2026-09-21,synthetic_from_eia,https://www.openstreetmap.org/way/685939120
way/685939120,Arco,33.9199057,-117.4885970,premium,5.820,6.469,-0.649,2026-09-21,synthetic_from_eia,https://www.openstreetmap.org/way/685939120
way/685939120,Arco,33.9199057,-117.4885970,regular,5.763,6.003,-0.240,2026-09-21,synthetic_from_eia,https://www.openstreetmap.org/way/685939120
way/686465642,Chevron,38.4739733,-121.4180200,regular,6.410,6.003,+0.407,2026-09-21,synthetic_from_eia,https://www.openstreetmap.org/way/686465642
way/687882899,Arco,38.3937816,-121.4160155,diesel,8.247,8.246,+0.001,2026-09-21,synthetic_from_eia,https://www.openstreetmap.org/way/687882899
way/687882899,Arco,38.3937816,-121.4160155,midgrade,6.943,6.276,+0.667,2026-09-21,synthetic_from_eia,https://www.openstreetmap.org/way/687882899
way/687882899,Arco,38.3937816,-121.4160155,premium,7.081,6.469,+0.612,2026-09-21,synthetic_from_eia,https://www.openstreetmap.org/way/687882899
way/687882899,Arco,38.3937816,-121.4160155,regular,5.147,6.003,-0.856,2026-09-21,synthetic_from_eia,https://www.openstreetmap.org/way/687882899
way/694924992,Arco,33.9538003,-117.3929985,midgrade,7.000,6.276,+0.724,2026-09-21,synthetic_from_eia,https://www.openstreetmap.org/way/694924992
way/694924992,Arco,33.9538003,-117.3929985,premium,5.554,6.469,-0.915,2026-09-21,synthetic_from_eia,https://www.openstreetmap.org/way/694924992
way/694924992,Arco,33.9538003,-117.3929985,regular,5.040,6.003,-0.963,2026-09-21,synthetic_from_eia,https://www.openstreetmap.org/way/694924992
way/694931109,Chevron,33.9539114,-117.3883855,midgrade,7.118,6.276,+0.842,2026-09-21,synthetic_from_eia,https://www.openstreetmap.org/way/694931109
way/694931109,Chevron,33.9539114,-117.3883855,premium,7.193,6.469,+0.724,2026-09-21,synthetic_from_eia,https://www.openstreetmap.org/way/694931109
way/694931109,Chevron,33.9539114,-117.3883855,regular,6.155,6.003,+0.152,2026-09-21,synthetic_from_eia,https://www.openstreetmap.org/way/694931109
way/694938715,Chevron,33.8966559,-117.4712759,diesel,8.393,8.246,+0.147,2026-09-21,synthetic_from_eia,https://www.openstreetmap.org/way/694938715
way/694938715,Chevron,33.8966559,-117.4712759,midgrade,6.695,6.276,+0.419,2026-09-21,synthetic_from_eia,https://www.openstreetmap.org/way/694938715
way/694938715,Chevron,33.8966559,-117.4712759,premium,6.304,6.469,-0.165,2026-09-21,synthetic_from_eia,https://www.openstreetmap.org/way/694938715
way/694938715,Chevron,33.8966559,-117.4712759,regular,5.233,6.003,-0.770,2026-09-21,synthetic_from_eia,https://www.openstreetmap.org/way/694938715
way/695742105,7-Eleven,33.9441849,-117.3895875,diesel,7.288,8.246,-0.958,2026-09-21,synthetic_from_eia,https://www.openstreetmap.org/way/695742105
way/695742105,7-Eleven,33.9441849,-117.3895875,midgrade,5.926,6.276,-0.350,2026-09-21,synthetic_from_eia,https://www.openstreetmap.org/way/695742105
way/695742105,7-Eleven,33.9441849,-117.3895875,premium,7.072,6.469,+0.603,2026-09-21,synthetic_from_eia,https://www.openstreetmap.org/way/695742105
way/695742105,7-Eleven,33.9441849,-117.3895875,regular,6.239,6.003,+0.236,2026-09-21,synthetic_from_eia,https://www.openstreetmap.org/way/695742105
way/695745047,76,33.9351009,-117.4038500,diesel,8.910,8.246,+0.664,2026-09-21,synthetic_from_eia,https://www.openstreetmap.org/way/695745047
way/695745047,76,33.9351009,-117.4038500,midgrade,7.116,6.276,+0.840,2026-09-21,synthetic_from_eia,https://www.openstreetmap.org/way/695745047
way/695745047,76,33.9351009,-117.4038500,premium,5.645,6.469,-0.824,2026-09-21,synthetic_from_eia,https://www.openstreetmap.org/way/695745047
way/695745047,76,33.9351009,-117.4038500,regular,6.692,6.003,+0.689,2026-09-21,synthetic_from_eia,https://www.openstreetmap.org/way/695745047
way/695745183,Mobil,33.9362875,-117.4056854,diesel,7.733,8.246,-0.513,2026-09-21,synthetic_from_eia,https://www.openstreetmap.org/way/695745183
way/695745183,Mobil,33.9362875,-117.4056854,midgrade,6.454,6.276,+0.178,2026-09-21,synthetic_from_eia,https://www.openstreetmap.org/way/695745183
way/695745183,Mobil,33.9362875,-117.4056854,premium,6.517,6.469,+0.048,2026-09-21,synthetic_from_eia,https://www.openstreetmap.org/way/695745183
way/695745183,Mobil,33.9362875,-117.4056854,regular,5.795,6.003,-0.208,2026-09-21,synthetic_from_eia,https://www.openstreetmap.org/way/695745183
way/695745886,76,33.9537473,-117.3970738,midgrade,5.897,6.276,-0.379,2026-09-21,synthetic_from_eia,https://www.openstreetmap.org/way/695745886
way/695745886,76,33.9537473,-117.3970738,premium,6.148,6.469,-0.321,2026-09-21,synthetic_from_eia,https://www.openstreetmap.org/way/695745886
way/695745886,76,33.9537473,-117.3970738,regular,5.669,6.003,-0.334,2026-09-21,synthetic_from_eia,https://www.openstreetmap.org/way/695745886
way/698142004,Mobil,35.2628464,-116.0786236,diesel,7.582,8.246,-0.664,2026-09-21,synthetic_from_eia,https://www.openstreetmap.org/way/698142004
way/698142005,Shell,35.2627491,-116.0802427,diesel,8.267,8.246,+0.021,2026-09-21,synthetic_from_eia,https://www.openstreetmap.org/way/698142005
way/699171520,Mobil,37.6666957,-122.1065106,regular,5.231,6.003,-0.772,2026-09-21,synthetic_from_eia,https://www.openstreetmap.org/way/699171520
way/724860362,Chevron,36.3124308,-119.3491318,midgrade,6.296,6.276,+0.020,2026-09-21,synthetic_from_eia,https://www.openstreetmap.org/way/724860362
way/724860362,Chevron,36.3124308,-119.3491318,premium,7.281,6.469,+0.812,2026-09-21,synthetic_from_eia,https://www.openstreetmap.org/way/724860362
way/724860362,Chevron,36.3124308,-119.3491318,regular,5.702,6.003,-0.301,2026-09-21,synthetic_from_eia,https://www.openstreetmap.org/way/724860362
way/734009522,76,37.8784329,-122.1805968,premium,6.924,6.469,+0.455,2026-09-21,synthetic_from_eia,https://www.openstreetmap.org/way/734009522
way/735374070,(unnamed),38.4296924,-122.7302156,diesel,8.884,8.246,+0.638,2026-09-21,synthetic_from_eia,https://www.openstreetmap.org/way/735374070
way/735374070,(unnamed),38.4296924,-122.7302156,midgrade,6.906,6.276,+0.630,2026-09-21,synthetic_from_eia,https://www.openstreetmap.org/way/735374070
way/735374070,(unnamed),38.4296924,-122.7302156,premium,5.942,6.469,-0.527,2026-09-21,synthetic_from_eia,https://www.openstreetmap.org/way/735374070
way/735374070,(unnamed),38.4296924,-122.7302156,regular,5.296,6.003,-0.707,2026-09-21,synthetic_from_eia,https://www.openstreetmap.org/way/735374070
way/735374098,Chevron,38.4288393,-122.7408979,diesel,7.641,8.246,-0.605,2026-09-21,synthetic_from_eia,https://www.openstreetmap.org/way/735374098
way/735374098,Chevron,38.4288393,-122.7408979,midgrade,6.481,6.276,+0.205,2026-09-21,synthetic_from_eia,https://www.openstreetmap.org/way/735374098
way/735374098,Chevron,38.4288393,-122.7408979,premium,6.989,6.469,+0.520,2026-09-21,synthetic_from_eia,https://www.openstreetmap.org/way/735374098
way/735374098,Chevron,38.4288393,-122.7408979,regular,6.314,6.003,+0.311,2026-09-21,synthetic_from_eia,https://www.openstreetmap.org/way/735374098
way/738895730,76,38.5017766,-123.0000972,diesel,7.600,8.246,-0.646,2026-09-21,synthetic_from_eia,https://www.openstreetmap.org/way/738895730
way/741080717,Sam's Club,33.7157361,-117.9555100,diesel,8.792,8.246,+0.546,2026-09-21,synthetic_from_eia,https://www.openstreetmap.org/way/741080717
way/741080717,Sam's Club,33.7157361,-117.9555100,premium,6.457,6.469,-0.012,2026-09-21,synthetic_from_eia,https://www.openstreetmap.org/way/741080717
way/741080717,Sam's Club,33.7157361,-117.9555100,regular,6.512,6.003,+0.509,2026-09-21,synthetic_from_eia,https://www.openstreetmap.org/way/741080717
way/759287969,Shell,41.4624404,-122.8901090,diesel,8.766,8.246,+0.520,2026-09-21,synthetic_from_eia,https://www.openstreetmap.org/way/759287969
way/765926345,Tackle Box,36.9987321,-120.0744741,regular,5.901,6.003,-0.102,2026-09-21,synthetic_from_eia,https://www.openstreetmap.org/way/765926345
way/772118220,Tower,40.6270995,-122.4046428,premium,7.317,6.469,+0.848,2026-09-21,synthetic_from_eia,https://www.openstreetmap.org/way/772118220
way/772334350,Alta Sierra Station,39.1414375,-121.0706085,midgrade,6.405,6.276,+0.129,2026-09-21,synthetic_from_eia,https://www.openstreetmap.org/way/772334350
way/772334350,Alta Sierra Station,39.1414375,-121.0706085,premium,6.740,6.469,+0.271,2026-09-21,synthetic_from_eia,https://www.openstreetmap.org/way/772334350
way/772334350,Alta Sierra Station,39.1414375,-121.0706085,regular,6.252,6.003,+0.249,2026-09-21,synthetic_from_eia,https://www.openstreetmap.org/way/772334350
way/775772958,Chevron,39.0419353,-121.0940014,diesel,8.974,8.246,+0.728,2026-09-21,synthetic_from_eia,https://www.openstreetmap.org/way/775772958
way/775772958,Chevron,39.0419353,-121.0940014,premium,6.723,6.469,+0.254,2026-09-21,synthetic_from_eia,https://www.openstreetmap.org/way/775772958
way/775772958,Chevron,39.0419353,-121.0940014,regular,5.305,6.003,-0.698,2026-09-21,synthetic_from_eia,https://www.openstreetmap.org/way/775772958
way/775772959,Chevron,39.0417889,-121.0936774,diesel,7.383,8.246,-0.863,2026-09-21,synthetic_from_eia,https://www.openstreetmap.org/way/775772959
way/775772959,Chevron,39.0417889,-121.0936774,premium,6.353,6.469,-0.116,2026-09-21,synthetic_from_eia,https://www.openstreetmap.org/way/775772959
way/775772959,Chevron,39.0417889,-121.0936774,regular,5.609,6.003,-0.394,2026-09-21,synthetic_from_eia,https://www.openstreetmap.org/way/775772959
way/776637150,Shell - Rose Ave,34.2195538,-119.1588322,premium,6.018,6.469,-0.451,2026-09-21,synthetic_from_eia,https://www.openstreetmap.org/way/776637150
way/776637150,Shell - Rose Ave,34.2195538,-119.1588322,regular,5.115,6.003,-0.888,2026-09-21,synthetic_from_eia,https://www.openstreetmap.org/way/776637150
way/781944461,Chevron,39.0770318,-121.5440313,diesel,8.261,8.246,+0.015,2026-09-21,synthetic_from_eia,https://www.openstreetmap.org/way/781944461
way/781944461,Chevron,39.0770318,-121.5440313,midgrade,5.897,6.276,-0.379,2026-09-21,synthetic_from_eia,https://www.openstreetmap.org/way/781944461
way/781944461,Chevron,39.0770318,-121.5440313,premium,6.373,6.469,-0.096,2026-09-21,synthetic_from_eia,https://www.openstreetmap.org/way/781944461
way/781944461,Chevron,39.0770318,-121.5440313,regular,5.117,6.003,-0.886,2026-09-21,synthetic_from_eia,https://www.openstreetmap.org/way/781944461
way/790901276,Shell,34.2747714,-119.2388726,diesel,8.909,8.246,+0.663,2026-09-21,synthetic_from_eia,https://www.openstreetmap.org/way/790901276
way/791148762,L & D Service Station,37.3414109,-121.8441841,regular,5.156,6.003,-0.847,2026-09-21,synthetic_from_eia,https://www.openstreetmap.org/way/791148762
way/792660621,Chevron,37.8896172,-122.5159261,premium,7.198,6.469,+0.729,2026-09-21,synthetic_from_eia,https://www.openstreetmap.org/way/792660621
way/792660627,Valero,37.8888521,-122.5157272,diesel,8.957,8.246,+0.711,2026-09-21,synthetic_from_eia,https://www.openstreetmap.org/way/792660627
way/792660627,Valero,37.8888521,-122.5157272,premium,6.699,6.469,+0.230,2026-09-21,synthetic_from_eia,https://www.openstreetmap.org/way/792660627
way/812794037,Shell,38.5476855,-122.8103481,diesel,8.260,8.246,+0.014,2026-09-21,synthetic_from_eia,https://www.openstreetmap.org/way/812794037
way/812794037,Shell,38.5476855,-122.8103481,midgrade,6.201,6.276,-0.075,2026-09-21,synthetic_from_eia,https://www.openstreetmap.org/way/812794037
way/812794037,Shell,38.5476855,-122.8103481,premium,6.578,6.469,+0.109,2026-09-21,synthetic_from_eia,https://www.openstreetmap.org/way/812794037
way/812794037,Shell,38.5476855,-122.8103481,regular,6.587,6.003,+0.584,2026-09-21,synthetic_from_eia,https://www.openstreetmap.org/way/812794037
way/812830338,Sand Canyon Service Station,33.6767317,-117.7586230,diesel,9.038,8.246,+0.792,2026-09-21,synthetic_from_eia,https://www.openstreetmap.org/way/812830338
way/827132372,InterState truck diesel,38.3815026,-121.3642747,diesel,8.145,8.246,-0.101,2026-09-21,synthetic_from_eia,https://www.openstreetmap.org/way/827132372
way/827132373,InterState automotive,38.3816519,-121.3644333,diesel,8.866,8.246,+0.620,2026-09-21,synthetic_from_eia,https://www.openstreetmap.org/way/827132373
way/827132373,InterState automotive,38.3816519,-121.3644333,regular,6.307,6.003,+0.304,2026-09-21,synthetic_from_eia,https://www.openstreetmap.org/way/827132373
way/854698387,United Oil,34.1821241,-118.3043251,midgrade,5.919,6.276,-0.357,2026-09-21,synthetic_from_eia,https://www.openstreetmap.org/way/854698387
way/854698387,United Oil,34.1821241,-118.3043251,premium,6.420,6.469,-0.049,2026-09-21,synthetic_from_eia,https://www.openstreetmap.org/way/854698387
way/854698387,United Oil,34.1821241,-118.3043251,regular,5.305,6.003,-0.698,2026-09-21,synthetic_from_eia,https://www.openstreetmap.org/way/854698387
way/863188972,Mobil,33.8893392,-117.8852196,regular,5.127,6.003,-0.876,2026-09-21,synthetic_from_eia,https://www.openstreetmap.org/way/863188972
way/871778944,Shell,38.7636019,-120.5755192,diesel,7.453,8.246,-0.793,2026-09-21,synthetic_from_eia,https://www.openstreetmap.org/way/871778944
way/871778944,Shell,38.7636019,-120.5755192,midgrade,7.074,6.276,+0.798,2026-09-21,synthetic_from_eia,https://www.openstreetmap.org/way/871778944
way/871778944,Shell,38.7636019,-120.5755192,premium,6.156,6.469,-0.313,2026-09-21,synthetic_from_eia,https://www.openstreetmap.org/way/871778944
way/871778944,Shell,38.7636019,-120.5755192,regular,6.432,6.003,+0.429,2026-09-21,synthetic_from_eia,https://www.openstreetmap.org/way/871778944
way/878830990,Morgan Hill Kwik Serv,37.1254517,-121.6506290,midgrade,6.285,6.276,+0.009,2026-09-21,synthetic_from_eia,https://www.openstreetmap.org/way/878830990
way/878830990,Morgan Hill Kwik Serv,37.1254517,-121.6506290,premium,5.814,6.469,-0.655,2026-09-21,synthetic_from_eia,https://www.openstreetmap.org/way/878830990
way/878830990,Morgan Hill Kwik Serv,37.1254517,-121.6506290,regular,5.498,6.003,-0.505,2026-09-21,synthetic_from_eia,https://www.openstreetmap.org/way/878830990
way/878833319,Rotten Robbie,37.4002889,-121.8468774,diesel,8.122,8.246,-0.124,2026-09-21,synthetic_from_eia,https://www.openstreetmap.org/way/878833319
way/880313465,Fastrak Gas & Food,39.7363495,-121.8693165,regular,5.882,6.003,-0.121,2026-09-21,synthetic_from_eia,https://www.openstreetmap.org/way/880313465
way/881786148,Shell,36.9733396,-121.9654100,diesel,8.291,8.246,+0.045,2026-09-21,synthetic_from_eia,https://www.openstreetmap.org/way/881786148
way/892143063,Arco,38.6949634,-121.3641214,premium,5.786,6.469,-0.683,2026-09-21,synthetic_from_eia,https://www.openstreetmap.org/way/892143063
way/892143063,Arco,38.6949634,-121.3641214,regular,5.749,6.003,-0.254,2026-09-21,synthetic_from_eia,https://www.openstreetmap.org/way/892143063
way/895768324,Chevron,41.9008489,-122.5632626,diesel,7.812,8.246,-0.434,2026-09-21,synthetic_from_eia,https://www.openstreetmap.org/way/895768324
way/895768324,Chevron,41.9008489,-122.5632626,midgrade,6.094,6.276,-0.182,2026-09-21,synthetic_from_eia,https://www.openstreetmap.org/way/895768324
way/895768324,Chevron,41.9008489,-122.5632626,premium,6.146,6.469,-0.323,2026-09-21,synthetic_from_eia,https://www.openstreetmap.org/way/895768324
way/895768324,Chevron,41.9008489,-122.5632626,regular,6.199,6.003,+0.196,2026-09-21,synthetic_from_eia,https://www.openstreetmap.org/way/895768324
way/896075627,Thunderhill Fuel,39.5366835,-122.3321700,premium,7.047,6.469,+0.578,2026-09-21,synthetic_from_eia,https://www.openstreetmap.org/way/896075627
way/896859301,Shell,40.4109680,-120.6370910,diesel,8.541,8.246,+0.295,2026-09-21,synthetic_from_eia,https://www.openstreetmap.org/way/896859301
way/896859301,Shell,40.4109680,-120.6370910,regular,5.135,6.003,-0.868,2026-09-21,synthetic_from_eia,https://www.openstreetmap.org/way/896859301
way/897746420,Santa Rosa Pit Stop,33.5605334,-116.5443619,diesel,7.435,8.246,-0.811,2026-09-21,synthetic_from_eia,https://www.openstreetmap.org/way/897746420
way/897746420,Santa Rosa Pit Stop,33.5605334,-116.5443619,regular,6.360,6.003,+0.357,2026-09-21,synthetic_from_eia,https://www.openstreetmap.org/way/897746420
way/902423446,Speedway,36.9849974,-121.9900367,diesel,7.814,8.246,-0.432,2026-09-21,synthetic_from_eia,https://www.openstreetmap.org/way/902423446
way/902423446,Speedway,36.9849974,-121.9900367,premium,6.916,6.469,+0.447,2026-09-21,synthetic_from_eia,https://www.openstreetmap.org/way/902423446
way/902423446,Speedway,36.9849974,-121.9900367,regular,6.316,6.003,+0.313,2026-09-21,synthetic_from_eia,https://www.openstreetmap.org/way/902423446
way/902423457,Shell,36.9847767,-121.9894259,diesel,9.059,8.246,+0.813,2026-09-21,synthetic_from_eia,https://www.openstreetmap.org/way/902423457
way/904240606,Speedway Express,37.4876316,-122.2360658,diesel,8.993,8.246,+0.747,2026-09-21,synthetic_from_eia,https://www.openstreetmap.org/way/904240606
way/904240606,Speedway Express,37.4876316,-122.2360658,midgrade,5.943,6.276,-0.333,2026-09-21,synthetic_from_eia,https://www.openstreetmap.org/way/904240606
way/904240606,Speedway Express,37.4876316,-122.2360658,premium,6.634,6.469,+0.165,2026-09-21,synthetic_from_eia,https://www.openstreetmap.org/way/904240606
way/904240606,Speedway Express,37.4876316,-122.2360658,regular,5.286,6.003,-0.717,2026-09-21,synthetic_from_eia,https://www.openstreetmap.org/way/904240606
way/910984379,Chevron,33.5831379,-117.6314798,diesel,7.946,8.246,-0.300,2026-09-21,synthetic_from_eia,https://www.openstreetmap.org/way/910984379
way/913402518,Chevron,38.2697814,-122.6708796,diesel,9.181,8.246,+0.935,2026-09-21,synthetic_from_eia,https://www.openstreetmap.org/way/913402518
way/913402518,Chevron,38.2697814,-122.6708796,midgrade,6.673,6.276,+0.397,2026-09-21,synthetic_from_eia,https://www.openstreetmap.org/way/913402518
way/913402518,Chevron,38.2697814,-122.6708796,premium,6.253,6.469,-0.216,2026-09-21,synthetic_from_eia,https://www.openstreetmap.org/way/913402518
way/913402518,Chevron,38.2697814,-122.6708796,regular,6.193,6.003,+0.190,2026-09-21,synthetic_from_eia,https://www.openstreetmap.org/way/913402518
way/921881140,Valero,34.2216946,-118.4768397,diesel,9.122,8.246,+0.876,2026-09-21,synthetic_from_eia,https://www.openstreetmap.org/way/921881140
way/921881140,Valero,34.2216946,-118.4768397,regular,5.622,6.003,-0.381,2026-09-21,synthetic_from_eia,https://www.openstreetmap.org/way/921881140
way/924646264,Shell,34.1068116,-117.4464901,diesel,7.999,8.246,-0.247,2026-09-21,synthetic_from_eia,https://www.openstreetmap.org/way/924646264
way/924646264,Shell,34.1068116,-117.4464901,midgrade,6.859,6.276,+0.583,2026-09-21,synthetic_from_eia,https://www.openstreetmap.org/way/924646264
way/924646264,Shell,34.1068116,-117.4464901,premium,7.095,6.469,+0.626,2026-09-21,synthetic_from_eia,https://www.openstreetmap.org/way/924646264
way/924646264,Shell,34.1068116,-117.4464901,regular,6.343,6.003,+0.340,2026-09-21,synthetic_from_eia,https://www.openstreetmap.org/way/924646264
way/929875359,Chevron,32.9796972,-117.2566680,midgrade,6.934,6.276,+0.658,2026-09-21,synthetic_from_eia,https://www.openstreetmap.org/way/929875359
way/929875359,Chevron,32.9796972,-117.2566680,premium,6.947,6.469,+0.478,2026-09-21,synthetic_from_eia,https://www.openstreetmap.org/way/929875359
way/929875359,Chevron,32.9796972,-117.2566680,regular,6.374,6.003,+0.371,2026-09-21,synthetic_from_eia,https://www.openstreetmap.org/way/929875359
way/931877509,Chevron,37.6350313,-121.0031305,regular,6.056,6.003,+0.053,2026-09-21,synthetic_from_eia,https://www.openstreetmap.org/way/931877509
way/939146200,Royal Oaks Valero,36.9047816,-121.7499177,diesel,8.538,8.246,+0.292,2026-09-21,synthetic_from_eia,https://www.openstreetmap.org/way/939146200
way/939146200,Royal Oaks Valero,36.9047816,-121.7499177,midgrade,6.123,6.276,-0.153,2026-09-21,synthetic_from_eia,https://www.openstreetmap.org/way/939146200
way/939146200,Royal Oaks Valero,36.9047816,-121.7499177,premium,6.193,6.469,-0.276,2026-09-21,synthetic_from_eia,https://www.openstreetmap.org/way/939146200
way/939146200,Royal Oaks Valero,36.9047816,-121.7499177,regular,5.728,6.003,-0.275,2026-09-21,synthetic_from_eia,https://www.openstreetmap.org/way/939146200
way/956431938,Mobil,32.7276191,-116.9099413,diesel,7.607,8.246,-0.639,2026-09-21,synthetic_from_eia,https://www.openstreetmap.org/way/956431938
way/956431938,Mobil,32.7276191,-116.9099413,premium,5.897,6.469,-0.572,2026-09-21,synthetic_from_eia,https://www.openstreetmap.org/way/956431938
way/956431938,Mobil,32.7276191,-116.9099413,regular,6.898,6.003,+0.895,2026-09-21,synthetic_from_eia,https://www.openstreetmap.org/way/956431938
way/960955758,Shell,32.7855433,-116.9276340,diesel,8.219,8.246,-0.027,2026-09-21,synthetic_from_eia,https://www.openstreetmap.org/way/960955758
way/960955758,Shell,32.7855433,-116.9276340,midgrade,5.729,6.276,-0.547,2026-09-21,synthetic_from_eia,https://www.openstreetmap.org/way/960955758
way/960955758,Shell,32.7855433,-116.9276340,premium,5.744,6.469,-0.725,2026-09-21,synthetic_from_eia,https://www.openstreetmap.org/way/960955758
way/960955758,Shell,32.7855433,-116.9276340,regular,5.157,6.003,-0.846,2026-09-21,synthetic_from_eia,https://www.openstreetmap.org/way/960955758
way/961427356,Chevron,32.8124128,-116.9180965,diesel,8.935,8.246,+0.689,2026-09-21,synthetic_from_eia,https://www.openstreetmap.org/way/961427356
way/962080548,Speedway,39.2371291,-121.0366176,diesel,7.448,8.246,-0.798,2026-09-21,synthetic_from_eia,https://www.openstreetmap.org/way/962080548
way/962080548,Speedway,39.2371291,-121.0366176,midgrade,6.818,6.276,+0.542,2026-09-21,synthetic_from_eia,https://www.openstreetmap.org/way/962080548
way/962080548,Speedway,39.2371291,-121.0366176,premium,7.139,6.469,+0.670,2026-09-21,synthetic_from_eia,https://www.openstreetmap.org/way/962080548
way/962080548,Speedway,39.2371291,-121.0366176,regular,6.770,6.003,+0.767,2026-09-21,synthetic_from_eia,https://www.openstreetmap.org/way/962080548
way/962080549,Speedway,39.2373580,-121.0366398,diesel,7.321,8.246,-0.925,2026-09-21,synthetic_from_eia,https://www.openstreetmap.org/way/962080549
way/962080549,Speedway,39.2373580,-121.0366398,midgrade,5.950,6.276,-0.326,2026-09-21,synthetic_from_eia,https://www.openstreetmap.org/way/962080549
way/962080549,Speedway,39.2373580,-121.0366398,premium,7.002,6.469,+0.533,2026-09-21,synthetic_from_eia,https://www.openstreetmap.org/way/962080549
way/962080549,Speedway,39.2373580,-121.0366398,regular,5.265,6.003,-0.738,2026-09-21,synthetic_from_eia,https://www.openstreetmap.org/way/962080549
way/963787105,Quikstop Market,38.4287637,-122.7318959,midgrade,6.029,6.276,-0.247,2026-09-21,synthetic_from_eia,https://www.openstreetmap.org/way/963787105
way/963787105,Quikstop Market,38.4287637,-122.7318959,premium,5.793,6.469,-0.676,2026-09-21,synthetic_from_eia,https://www.openstreetmap.org/way/963787105
way/963787105,Quikstop Market,38.4287637,-122.7318959,regular,6.666,6.003,+0.663,2026-09-21,synthetic_from_eia,https://www.openstreetmap.org/way/963787105
way/964729771,Shell,33.8787101,-117.6598398,diesel,8.788,8.246,+0.542,2026-09-21,synthetic_from_eia,https://www.openstreetmap.org/way/964729771
way/967727679,Chevron,37.9836149,-121.7145980,diesel,8.864,8.246,+0.618,2026-09-21,synthetic_from_eia,https://www.openstreetmap.org/way/967727679
way/968642651,Arco AM/PM,38.7608168,-121.2940837,midgrade,5.607,6.276,-0.669,2026-09-21,synthetic_from_eia,https://www.openstreetmap.org/way/968642651
way/968642651,Arco AM/PM,38.7608168,-121.2940837,premium,6.344,6.469,-0.125,2026-09-21,synthetic_from_eia,https://www.openstreetmap.org/way/968642651
way/968642651,Arco AM/PM,38.7608168,-121.2940837,regular,5.825,6.003,-0.178,2026-09-21,synthetic_from_eia,https://www.openstreetmap.org/way/968642651
way/972376095,Valero Gas Station & Car Wash,33.0268984,-117.2733788,diesel,8.599,8.246,+0.353,2026-09-21,synthetic_from_eia,https://www.openstreetmap.org/way/972376095
way/972376095,Valero Gas Station & Car Wash,33.0268984,-117.2733788,premium,5.944,6.469,-0.525,2026-09-21,synthetic_from_eia,https://www.openstreetmap.org/way/972376095
way/972376095,Valero Gas Station & Car Wash,33.0268984,-117.2733788,regular,5.891,6.003,-0.112,2026-09-21,synthetic_from_eia,https://www.openstreetmap.org/way/972376095
way/973042170,76,37.6999424,-122.1214077,midgrade,5.846,6.276,-0.430,2026-09-21,synthetic_from_eia,https://www.openstreetmap.org/way/973042170
way/973042170,76,37.6999424,-122.1214077,premium,6.966,6.469,+0.497,2026-09-21,synthetic_from_eia,https://www.openstreetmap.org/way/973042170
way/973042170,76,37.6999424,-122.1214077,regular,5.901,6.003,-0.102,2026-09-21,synthetic_from_eia,https://www.openstreetmap.org/way/973042170
way/973902885,ARCO,36.8087179,-119.6376441,diesel,8.314,8.246,+0.068,2026-09-21,synthetic_from_eia,https://www.openstreetmap.org/way/973902885
way/973902885,ARCO,36.8087179,-119.6376441,regular,5.622,6.003,-0.381,2026-09-21,synthetic_from_eia,https://www.openstreetmap.org/way/973902885
way/974874374,Arco,36.3303216,-121.2409566,diesel,8.863,8.246,+0.617,2026-09-21,synthetic_from_eia,https://www.openstreetmap.org/way/974874374
way/978157523,Flying J,34.0157391,-117.5256156,diesel,8.184,8.246,-0.062,2026-09-21,synthetic_from_eia,https://www.openstreetmap.org/way/978157523
way/983702238,Arco Gas,33.8722065,-117.7211236,diesel,8.916,8.246,+0.670,2026-09-21,synthetic_from_eia,https://www.openstreetmap.org/way/983702238
way/983702238,Arco Gas,33.8722065,-117.7211236,midgrade,6.012,6.276,-0.264,2026-09-21,synthetic_from_eia,https://www.openstreetmap.org/way/983702238
way/983702238,Arco Gas,33.8722065,-117.7211236,premium,7.363,6.469,+0.894,2026-09-21,synthetic_from_eia,https://www.openstreetmap.org/way/983702238
way/983702238,Arco Gas,33.8722065,-117.7211236,regular,6.972,6.003,+0.969,2026-09-21,synthetic_from_eia,https://www.openstreetmap.org/way/983702238
way/986501145,Speedway North Auburn,38.9346509,-121.0934312,diesel,8.169,8.246,-0.077,2026-09-21,synthetic_from_eia,https://www.openstreetmap.org/way/986501145
way/986501145,Speedway North Auburn,38.9346509,-121.0934312,premium,6.033,6.469,-0.436,2026-09-21,synthetic_from_eia,https://www.openstreetmap.org/way/986501145
way/986501145,Speedway North Auburn,38.9346509,-121.0934312,regular,5.767,6.003,-0.236,2026-09-21,synthetic_from_eia,https://www.openstreetmap.org/way/986501145
way/993169249,(unnamed),35.0631157,-118.1765965,diesel,8.301,8.246,+0.055,2026-09-21,synthetic_from_eia,https://www.openstreetmap.org/way/993169249
way/993169250,(unnamed),35.0634360,-118.1767063,diesel,9.179,8.246,+0.933,2026-09-21,synthetic_from_eia,https://www.openstreetmap.org/way/993169250
way/995028435,76,33.7267338,-117.8340406,diesel,8.880,8.246,+0.634,2026-09-21,synthetic_from_eia,https://www.openstreetmap.org/way/995028435
way/995028435,76,33.7267338,-117.8340406,midgrade,6.879,6.276,+0.603,2026-09-21,synthetic_from_eia,https://www.openstreetmap.org/way/995028435
way/995028435,76,33.7267338,-117.8340406,premium,5.746,6.469,-0.723,2026-09-21,synthetic_from_eia,https://www.openstreetmap.org/way/995028435
way/995028435,76,33.7267338,-117.8340406,regular,5.503,6.003,-0.500,2026-09-21,synthetic_from_eia,https://www.openstreetmap.org/way/995028435
way/995432664,Speedway,39.2342927,-121.0335923,diesel,8.528,8.246,+0.282,2026-09-21,synthetic_from_eia,https://www.openstreetmap.org/way/995432664
way/995432664,Speedway,39.2342927,-121.0335923,premium,7.217,6.469,+0.748,2026-09-21,synthetic_from_eia,https://www.openstreetmap.org/way/995432664
way/995432664,Speedway,39.2342927,-121.0335923,regular,6.112,6.003,+0.109,2026-09-21,synthetic_from_eia,https://www.openstreetmap.org/way/995432664
way/996915946,Shell,35.6392064,-118.4051976,midgrade,5.481,6.276,-0.795,2026-09-21,synthetic_from_eia,https://www.openstreetmap.org/way/996915946
way/996915946,Shell,35.6392064,-118.4051976,premium,7.161,6.469,+0.692,2026-09-21,synthetic_from_eia,https://www.openstreetmap.org/way/996915946
way/996915946,Shell,35.6392064,-118.4051976,regular,6.705,6.003,+0.702,2026-09-21,synthetic_from_eia,https://www.openstreetmap.org/way/996915946
way/998305179,76,37.3060727,-121.9220067,diesel,7.816,8.246,-0.430,2026-09-21,synthetic_from_eia,https://www.openstreetmap.org/way/998305179
way/998305179,76,37.3060727,-121.9220067,regular,6.529,6.003,+0.526,2026-09-21,synthetic_from_eia,https://www.openstreetmap.org/way/998305179
way/998650474,Spartan,37.3532312,-121.8907947,diesel,7.792,8.246,-0.454,2026-09-21,synthetic_from_eia,https://www.openstreetmap.org/way/998650474
way/999745528,Arco,36.7362552,-119.7323638,midgrade,7.087,6.276,+0.811,2026-09-21,synthetic_from_eia,https://www.openstreetmap.org/way/999745528
way/999745528,Arco,36.7362552,-119.7323638,premium,5.764,6.469,-0.705,2026-09-21,synthetic_from_eia,https://www.openstreetmap.org/way/999745528
way/999745528,Arco,36.7362552,-119.7323638,regular,5.878,6.003,-0.125,2026-09-21,synthetic_from_eia,https://www.openstreetmap.org/way/999745528
way/999981922,Fuel Depot,34.4214950,-119.6006162,diesel,9.139,8.246,+0.893,2026-09-21,synthetic_from_eia,https://www.openstreetmap.org/way/999981922
way/999981922,Fuel Depot,34.4214950,-119.6006162,midgrade,5.720,6.276,-0.556,2026-09-21,synthetic_from_eia,https://www.openstreetmap.org/way/999981922
way/999981922,Fuel Depot,34.4214950,-119.6006162,premium,6.371,6.469,-0.098,2026-09-21,synthetic_from_eia,https://www.openstreetmap.org/way/999981922
way/999981922,Fuel Depot,34.4214950,-119.6006162,regular,5.702,6.003,-0.301,2026-09-21,synthetic_from_eia,https://www.openstreetmap.org/way/999981922
way/1006861950,Cloverdale Gas & Go Food Mart,38.7934680,-123.0175967,midgrade,5.329,6.276,-0.947,2026-09-21,synthetic_from_eia,https://www.openstreetmap.org/way/1006861950
way/1006861950,Cloverdale Gas & Go Food Mart,38.7934680,-123.0175967,premium,5.576,6.469,-0.893,2026-09-21,synthetic_from_eia,https://www.openstreetmap.org/way/1006861950
way/1006861950,Cloverdale Gas & Go Food Mart,38.7934680,-123.0175967,regular,6.007,6.003,+0.004,2026-09-21,synthetic_from_eia,https://www.openstreetmap.org/way/1006861950
way/1019339206,Shell,32.8024096,-116.9353588,diesel,7.718,8.246,-0.528,2026-09-21,synthetic_from_eia,https://www.openstreetmap.org/way/1019339206
way/1019417339,Petaluma Gas Outlet,38.2693696,-122.6701027,diesel,9.235,8.246,+0.989,2026-09-21,synthetic_from_eia,https://www.openstreetmap.org/way/1019417339
way/1019417339,Petaluma Gas Outlet,38.2693696,-122.6701027,midgrade,6.026,6.276,-0.250,2026-09-21,synthetic_from_eia,https://www.openstreetmap.org/way/1019417339
way/1019417339,Petaluma Gas Outlet,38.2693696,-122.6701027,premium,5.525,6.469,-0.944,2026-09-21,synthetic_from_eia,https://www.openstreetmap.org/way/1019417339
way/1019417339,Petaluma Gas Outlet,38.2693696,-122.6701027,regular,6.865,6.003,+0.862,2026-09-21,synthetic_from_eia,https://www.openstreetmap.org/way/1019417339
way/1019472457,Valero,38.2745365,-122.6699345,diesel,8.924,8.246,+0.678,2026-09-21,synthetic_from_eia,https://www.openstreetmap.org/way/1019472457
way/1019472457,Valero,38.2745365,-122.6699345,midgrade,6.576,6.276,+0.300,2026-09-21,synthetic_from_eia,https://www.openstreetmap.org/way/1019472457
way/1019472457,Valero,38.2745365,-122.6699345,premium,7.052,6.469,+0.583,2026-09-21,synthetic_from_eia,https://www.openstreetmap.org/way/1019472457
way/1019472457,Valero,38.2745365,-122.6699345,regular,5.278,6.003,-0.725,2026-09-21,synthetic_from_eia,https://www.openstreetmap.org/way/1019472457
way/1020129638,Kenwood Super Gas,38.4203945,-122.5525428,diesel,7.820,8.246,-0.426,2026-09-21,synthetic_from_eia,https://www.openstreetmap.org/way/1020129638
way/1020129638,Kenwood Super Gas,38.4203945,-122.5525428,regular,6.663,6.003,+0.660,2026-09-21,synthetic_from_eia,https://www.openstreetmap.org/way/1020129638
way/1021208255,Healdsburg Gas Mart,38.6259496,-122.8729159,diesel,8.638,8.246,+0.392,2026-09-21,synthetic_from_eia,https://www.openstreetmap.org/way/1021208255
way/1021208255,Healdsburg Gas Mart,38.6259496,-122.8729159,midgrade,5.554,6.276,-0.722,2026-09-21,synthetic_from_eia,https://www.openstreetmap.org/way/1021208255
way/1021208255,Healdsburg Gas Mart,38.6259496,-122.8729159,premium,6.880,6.469,+0.411,2026-09-21,synthetic_from_eia,https://www.openstreetmap.org/way/1021208255
way/1021208255,Healdsburg Gas Mart,38.6259496,-122.8729159,regular,5.900,6.003,-0.103,2026-09-21,synthetic_from_eia,https://www.openstreetmap.org/way/1021208255
way/1023103780,Chevron,33.7479478,-117.8337898,midgrade,5.287,6.276,-0.989,2026-09-21,synthetic_from_eia,https://www.openstreetmap.org/way/1023103780
way/1023103780,Chevron,33.7479478,-117.8337898,premium,5.627,6.469,-0.842,2026-09-21,synthetic_from_eia,https://www.openstreetmap.org/way/1023103780
way/1023103780,Chevron,33.7479478,-117.8337898,regular,5.515,6.003,-0.488,2026-09-21,synthetic_from_eia,https://www.openstreetmap.org/way/1023103780
way/1026869171,Mobil,34.8512332,-114.6246881,diesel,8.916,8.246,+0.670,2026-09-21,synthetic_from_eia,https://www.openstreetmap.org/way/1026869171
way/1026869171,Mobil,34.8512332,-114.6246881,regular,6.101,6.003,+0.098,2026-09-21,synthetic_from_eia,https://www.openstreetmap.org/way/1026869171
way/1036473946,Shell,34.0002971,-117.8441086,diesel,8.700,8.246,+0.454,2026-09-21,synthetic_from_eia,https://www.openstreetmap.org/way/1036473946
way/1050886670,Chico Petroleum,39.7247703,-121.8497944,diesel,8.302,8.246,+0.056,2026-09-21,synthetic_from_eia,https://www.openstreetmap.org/way/1050886670
way/1050886670,Chico Petroleum,39.7247703,-121.8497944,midgrade,5.498,6.276,-0.778,2026-09-21,synthetic_from_eia,https://www.openstreetmap.org/way/1050886670
way/1050886670,Chico Petroleum,39.7247703,-121.8497944,premium,6.045,6.469,-0.424,2026-09-21,synthetic_from_eia,https://www.openstreetmap.org/way/1050886670
way/1050886670,Chico Petroleum,39.7247703,-121.8497944,regular,5.605,6.003,-0.398,2026-09-21,synthetic_from_eia,https://www.openstreetmap.org/way/1050886670
way/1050894521,Sinclair,39.7209903,-121.8464510,regular,5.098,6.003,-0.905,2026-09-21,synthetic_from_eia,https://www.openstreetmap.org/way/1050894521
way/1053189438,Chevron,32.5684411,-116.9618589,diesel,8.086,8.246,-0.160,2026-09-21,synthetic_from_eia,https://www.openstreetmap.org/way/1053189438
way/1053189438,Chevron,32.5684411,-116.9618589,midgrade,6.864,6.276,+0.588,2026-09-21,synthetic_from_eia,https://www.openstreetmap.org/way/1053189438
way/1053189438,Chevron,32.5684411,-116.9618589,premium,6.383,6.469,-0.086,2026-09-21,synthetic_from_eia,https://www.openstreetmap.org/way/1053189438
way/1053189438,Chevron,32.5684411,-116.9618589,regular,5.225,6.003,-0.778,2026-09-21,synthetic_from_eia,https://www.openstreetmap.org/way/1053189438
way/1064344734,Arco,34.5710725,-117.4086541,diesel,9.056,8.246,+0.810,2026-09-21,synthetic_from_eia,https://www.openstreetmap.org/way/1064344734
way/1074369851,76,34.1278297,-118.1469470,diesel,8.439,8.246,+0.193,2026-09-21,synthetic_from_eia,https://www.openstreetmap.org/way/1074369851
way/1076696299,Costco Gasoline,33.9444819,-118.3346676,diesel,7.279,8.246,-0.967,2026-09-21,synthetic_from_eia,https://www.openstreetmap.org/way/1076696299
way/1076696299,Costco Gasoline,33.9444819,-118.3346676,premium,6.500,6.469,+0.031,2026-09-21,synthetic_from_eia,https://www.openstreetmap.org/way/1076696299
way/1076696299,Costco Gasoline,33.9444819,-118.3346676,regular,5.487,6.003,-0.516,2026-09-21,synthetic_from_eia,https://www.openstreetmap.org/way/1076696299
way/1079143876,(unnamed),38.6547669,-121.1823295,regular,5.290,6.003,-0.713,2026-09-21,synthetic_from_eia,https://www.openstreetmap.org/way/1079143876
way/1083641563,Shell,37.4029322,-122.1930994,midgrade,6.134,6.276,-0.142,2026-09-21,synthetic_from_eia,https://www.openstreetmap.org/way/1083641563
way/1083641563,Shell,37.4029322,-122.1930994,premium,6.699,6.469,+0.230,2026-09-21,synthetic_from_eia,https://www.openstreetmap.org/way/1083641563
way/1083641563,Shell,37.4029322,-122.1930994,regular,5.484,6.003,-0.519,2026-09-21,synthetic_from_eia,https://www.openstreetmap.org/way/1083641563
way/1087810512,EGas,33.9169390,-117.9947192,diesel,8.079,8.246,-0.167,2026-09-21,synthetic_from_eia,https://www.openstreetmap.org/way/1087810512
way/1087810512,EGas,33.9169390,-117.9947192,midgrade,6.605,6.276,+0.329,2026-09-21,synthetic_from_eia,https://www.openstreetmap.org/way/1087810512
way/1087810512,EGas,33.9169390,-117.9947192,premium,5.640,6.469,-0.829,2026-09-21,synthetic_from_eia,https://www.openstreetmap.org/way/1087810512
way/1087810512,EGas,33.9169390,-117.9947192,regular,6.952,6.003,+0.949,2026-09-21,synthetic_from_eia,https://www.openstreetmap.org/way/1087810512
way/1090073811,Mobil,38.5251229,-121.4558964,regular,5.138,6.003,-0.865,2026-09-21,synthetic_from_eia,https://www.openstreetmap.org/way/1090073811
way/1090876530,Sam's Club,33.8737230,-118.2957777,diesel,8.298,8.246,+0.052,2026-09-21,synthetic_from_eia,https://www.openstreetmap.org/way/1090876530
way/1090876530,Sam's Club,33.8737230,-118.2957777,premium,6.484,6.469,+0.015,2026-09-21,synthetic_from_eia,https://www.openstreetmap.org/way/1090876530
way/1090876530,Sam's Club,33.8737230,-118.2957777,regular,6.980,6.003,+0.977,2026-09-21,synthetic_from_eia,https://www.openstreetmap.org/way/1090876530
way/1104713198,Costco Gasoline,33.9192028,-118.3434084,diesel,8.354,8.246,+0.108,2026-09-21,synthetic_from_eia,https://www.openstreetmap.org/way/1104713198
way/1104713198,Costco Gasoline,33.9192028,-118.3434084,premium,6.250,6.469,-0.219,2026-09-21,synthetic_from_eia,https://www.openstreetmap.org/way/1104713198
way/1104713198,Costco Gasoline,33.9192028,-118.3434084,regular,5.943,6.003,-0.060,2026-09-21,synthetic_from_eia,https://www.openstreetmap.org/way/1104713198
way/1109167695,Shell,34.1608294,-118.3431532,midgrade,6.547,6.276,+0.271,2026-09-21,synthetic_from_eia,https://www.openstreetmap.org/way/1109167695
way/1109167695,Shell,34.1608294,-118.3431532,premium,7.431,6.469,+0.962,2026-09-21,synthetic_from_eia,https://www.openstreetmap.org/way/1109167695
way/1109167695,Shell,34.1608294,-118.3431532,regular,5.510,6.003,-0.493,2026-09-21,synthetic_from_eia,https://www.openstreetmap.org/way/1109167695
way/1116132652,Oregon House Grocrey & Deli,39.3501200,-121.2735998,diesel,7.278,8.246,-0.968,2026-09-21,synthetic_from_eia,https://www.openstreetmap.org/way/1116132652
way/1116132652,Oregon House Grocrey & Deli,39.3501200,-121.2735998,regular,6.580,6.003,+0.577,2026-09-21,synthetic_from_eia,https://www.openstreetmap.org/way/1116132652
way/1116919252,Chevron,35.0596366,-119.0055453,regular,5.693,6.003,-0.310,2026-09-21,synthetic_from_eia,https://www.openstreetmap.org/way/1116919252
way/1116919253,Chevron,35.0597134,-119.0060705,diesel,8.712,8.246,+0.466,2026-09-21,synthetic_from_eia,https://www.openstreetmap.org/way/1116919253
way/1135281652,7-Eleven,33.8595308,-117.8828884,diesel,8.503,8.246,+0.257,2026-09-21,synthetic_from_eia,https://www.openstreetmap.org/way/1135281652
way/1135281652,7-Eleven,33.8595308,-117.8828884,midgrade,6.819,6.276,+0.543,2026-09-21,synthetic_from_eia,https://www.openstreetmap.org/way/1135281652
way/1135281652,7-Eleven,33.8595308,-117.8828884,premium,6.939,6.469,+0.470,2026-09-21,synthetic_from_eia,https://www.openstreetmap.org/way/1135281652
way/1135281652,7-Eleven,33.8595308,-117.8828884,regular,5.668,6.003,-0.335,2026-09-21,synthetic_from_eia,https://www.openstreetmap.org/way/1135281652
way/1136799154,(unnamed),35.0673075,-118.1779565,diesel,7.335,8.246,-0.911,2026-09-21,synthetic_from_eia,https://www.openstreetmap.org/way/1136799154
way/1136799154,(unnamed),35.0673075,-118.1779565,regular,6.095,6.003,+0.092,2026-09-21,synthetic_from_eia,https://www.openstreetmap.org/way/1136799154
way/1147334098,Mobil Travel Center,32.7801158,-117.1025690,diesel,8.873,8.246,+0.627,2026-09-21,synthetic_from_eia,https://www.openstreetmap.org/way/1147334098
way/1147334098,Mobil Travel Center,32.7801158,-117.1025690,midgrade,5.626,6.276,-0.650,2026-09-21,synthetic_from_eia,https://www.openstreetmap.org/way/1147334098
way/1147334098,Mobil Travel Center,32.7801158,-117.1025690,premium,7.027,6.469,+0.558,2026-09-21,synthetic_from_eia,https://www.openstreetmap.org/way/1147334098
way/1150859807,(unnamed),36.4481428,-119.4853289,diesel,8.175,8.246,-0.071,2026-09-21,synthetic_from_eia,https://www.openstreetmap.org/way/1150859807
way/1152317445,Panamint Springs Gas Station,36.3392899,-117.4675585,diesel,8.637,8.246,+0.391,2026-09-21,synthetic_from_eia,https://www.openstreetmap.org/way/1152317445
way/1152317445,Panamint Springs Gas Station,36.3392899,-117.4675585,midgrade,6.539,6.276,+0.263,2026-09-21,synthetic_from_eia,https://www.openstreetmap.org/way/1152317445
way/1152317445,Panamint Springs Gas Station,36.3392899,-117.4675585,premium,7.092,6.469,+0.623,2026-09-21,synthetic_from_eia,https://www.openstreetmap.org/way/1152317445
way/1152317445,Panamint Springs Gas Station,36.3392899,-117.4675585,regular,5.129,6.003,-0.874,2026-09-21,synthetic_from_eia,https://www.openstreetmap.org/way/1152317445
way/1152601504,Safeway Express,37.3697963,-121.8825103,diesel,8.798,8.246,+0.552,2026-09-21,synthetic_from_eia,https://www.openstreetmap.org/way/1152601504
way/1152601504,Safeway Express,37.3697963,-121.8825103,midgrade,6.191,6.276,-0.085,2026-09-21,synthetic_from_eia,https://www.openstreetmap.org/way/1152601504
way/1152601504,Safeway Express,37.3697963,-121.8825103,premium,6.056,6.469,-0.413,2026-09-21,synthetic_from_eia,https://www.openstreetmap.org/way/1152601504
way/1152601504,Safeway Express,37.3697963,-121.8825103,regular,5.091,6.003,-0.912,2026-09-21,synthetic_from_eia,https://www.openstreetmap.org/way/1152601504
way/1153598154,Chevron,38.1615993,-120.0566802,regular,5.402,6.003,-0.601,2026-09-21,synthetic_from_eia,https://www.openstreetmap.org/way/1153598154
way/1157750298,Jon's Pit Stop,38.3651930,-120.7908925,diesel,7.330,8.246,-0.916,2026-09-21,synthetic_from_eia,https://www.openstreetmap.org/way/1157750298
way/1157750298,Jon's Pit Stop,38.3651930,-120.7908925,midgrade,7.143,6.276,+0.867,2026-09-21,synthetic_from_eia,https://www.openstreetmap.org/way/1157750298
way/1157750298,Jon's Pit Stop,38.3651930,-120.7908925,premium,6.500,6.469,+0.031,2026-09-21,synthetic_from_eia,https://www.openstreetmap.org/way/1157750298
way/1157750298,Jon's Pit Stop,38.3651930,-120.7908925,regular,6.981,6.003,+0.978,2026-09-21,synthetic_from_eia,https://www.openstreetmap.org/way/1157750298
way/1160092942,Quik Stop,38.8124206,-123.0226034,diesel,8.332,8.246,+0.086,2026-09-21,synthetic_from_eia,https://www.openstreetmap.org/way/1160092942
way/1168780106,76,37.7330202,-120.9583765,diesel,7.753,8.246,-0.493,2026-09-21,synthetic_from_eia,https://www.openstreetmap.org/way/1168780106
way/1168780106,76,37.7330202,-120.9583765,premium,6.976,6.469,+0.507,2026-09-21,synthetic_from_eia,https://www.openstreetmap.org/way/1168780106
way/1168780106,76,37.7330202,-120.9583765,regular,5.385,6.003,-0.618,2026-09-21,synthetic_from_eia,https://www.openstreetmap.org/way/1168780106
way/1169783593,Chevron,38.6843813,-121.1786216,premium,6.183,6.469,-0.286,2026-09-21,synthetic_from_eia,https://www.openstreetmap.org/way/1169783593
way/1169783593,Chevron,38.6843813,-121.1786216,regular,6.565,6.003,+0.562,2026-09-21,synthetic_from_eia,https://www.openstreetmap.org/way/1169783593
way/1191529562,Mobil,37.2841883,-121.9994188,regular,6.735,6.003,+0.732,2026-09-21,synthetic_from_eia,https://www.openstreetmap.org/way/1191529562
way/1200895193,7-Eleven,38.2223991,-122.2618135,diesel,7.910,8.246,-0.336,2026-09-21,synthetic_from_eia,https://www.openstreetmap.org/way/1200895193
way/1200895193,7-Eleven,38.2223991,-122.2618135,regular,5.252,6.003,-0.751,2026-09-21,synthetic_from_eia,https://www.openstreetmap.org/way/1200895193
way/1214436330,Love's Gas,37.4631952,-121.1756201,diesel,7.982,8.246,-0.264,2026-09-21,synthetic_from_eia,https://www.openstreetmap.org/way/1214436330
way/1214436330,Love's Gas,37.4631952,-121.1756201,regular,6.782,6.003,+0.779,2026-09-21,synthetic_from_eia,https://www.openstreetmap.org/way/1214436330
way/1214436331,Love's,37.4624206,-121.1748470,diesel,8.733,8.246,+0.487,2026-09-21,synthetic_from_eia,https://www.openstreetmap.org/way/1214436331
way/1214758953,Shop N Save,36.8528600,-121.4239596,diesel,9.035,8.246,+0.789,2026-09-21,synthetic_from_eia,https://www.openstreetmap.org/way/1214758953
way/1214758953,Shop N Save,36.8528600,-121.4239596,midgrade,6.049,6.276,-0.227,2026-09-21,synthetic_from_eia,https://www.openstreetmap.org/way/1214758953
way/1214758953,Shop N Save,36.8528600,-121.4239596,premium,7.416,6.469,+0.947,2026-09-21,synthetic_from_eia,https://www.openstreetmap.org/way/1214758953
way/1214758953,Shop N Save,36.8528600,-121.4239596,regular,5.995,6.003,-0.008,2026-09-21,synthetic_from_eia,https://www.openstreetmap.org/way/1214758953
way/1214758974,Quik Stop,36.8533080,-121.4215690,midgrade,6.271,6.276,-0.005,2026-09-21,synthetic_from_eia,https://www.openstreetmap.org/way/1214758974
way/1214758974,Quik Stop,36.8533080,-121.4215690,premium,7.318,6.469,+0.849,2026-09-21,synthetic_from_eia,https://www.openstreetmap.org/way/1214758974
way/1214758974,Quik Stop,36.8533080,-121.4215690,regular,6.042,6.003,+0.039,2026-09-21,synthetic_from_eia,https://www.openstreetmap.org/way/1214758974
way/1219915941,Riviera Gas Station,38.9523964,-122.7292884,premium,7.071,6.469,+0.602,2026-09-21,synthetic_from_eia,https://www.openstreetmap.org/way/1219915941
way/1219915941,Riviera Gas Station,38.9523964,-122.7292884,regular,6.457,6.003,+0.454,2026-09-21,synthetic_from_eia,https://www.openstreetmap.org/way/1219915941
way/1219923394,Kit's Corner,38.9303613,-122.7419690,diesel,7.404,8.246,-0.842,2026-09-21,synthetic_from_eia,https://www.openstreetmap.org/way/1219923394
way/1219923394,Kit's Corner,38.9303613,-122.7419690,premium,6.674,6.469,+0.205,2026-09-21,synthetic_from_eia,https://www.openstreetmap.org/way/1219923394
way/1219923394,Kit's Corner,38.9303613,-122.7419690,regular,6.648,6.003,+0.645,2026-09-21,synthetic_from_eia,https://www.openstreetmap.org/way/1219923394
way/1228903366,Valero,38.9504668,-122.6247518,diesel,8.337,8.246,+0.091,2026-09-21,synthetic_from_eia,https://www.openstreetmap.org/way/1228903366
way/1228903366,Valero,38.9504668,-122.6247518,regular,5.645,6.003,-0.358,2026-09-21,synthetic_from_eia,https://www.openstreetmap.org/way/1228903366
way/1237089486,Chevron,36.3278297,-119.2885313,diesel,7.406,8.246,-0.840,2026-09-21,synthetic_from_eia,https://www.openstreetmap.org/way/1237089486
way/1237089486,Chevron,36.3278297,-119.2885313,premium,6.791,6.469,+0.322,2026-09-21,synthetic_from_eia,https://www.openstreetmap.org/way/1237089486
way/1237089486,Chevron,36.3278297,-119.2885313,regular,5.616,6.003,-0.387,2026-09-21,synthetic_from_eia,https://www.openstreetmap.org/way/1237089486
way/1241912295,76,34.2915595,-119.1574553,diesel,8.451,8.246,+0.205,2026-09-21,synthetic_from_eia,https://www.openstreetmap.org/way/1241912295
way/1241912295,76,34.2915595,-119.1574553,midgrade,6.128,6.276,-0.148,2026-09-21,synthetic_from_eia,https://www.openstreetmap.org/way/1241912295
way/1241912295,76,34.2915595,-119.1574553,premium,6.849,6.469,+0.380,2026-09-21,synthetic_from_eia,https://www.openstreetmap.org/way/1241912295
way/1241912295,76,34.2915595,-119.1574553,regular,5.706,6.003,-0.297,2026-09-21,synthetic_from_eia,https://www.openstreetmap.org/way/1241912295
way/1241912297,Valero,34.2920436,-119.1578868,midgrade,5.361,6.276,-0.915,2026-09-21,synthetic_from_eia,https://www.openstreetmap.org/way/1241912297
way/1241912297,Valero,34.2920436,-119.1578868,premium,7.209,6.469,+0.740,2026-09-21,synthetic_from_eia,https://www.openstreetmap.org/way/1241912297
way/1241912297,Valero,34.2920436,-119.1578868,regular,5.708,6.003,-0.295,2026-09-21,synthetic_from_eia,https://www.openstreetmap.org/way/1241912297
way/1245725555,Costco Gasoline,33.9180276,-118.1031262,premium,7.465,6.469,+0.996,2026-09-21,synthetic_from_eia,https://www.openstreetmap.org/way/1245725555
way/1245725555,Costco Gasoline,33.9180276,-118.1031262,regular,5.552,6.003,-0.451,2026-09-21,synthetic_from_eia,https://www.openstreetmap.org/way/1245725555
way/1256387350,Speedy Fuel,34.0098050,-118.1911850,diesel,9.206,8.246,+0.960,2026-09-21,synthetic_from_eia,https://www.openstreetmap.org/way/1256387350
way/1256387352,Commerce Truck Stop,34.0052885,-118.1758432,diesel,9.142,8.246,+0.896,2026-09-21,synthetic_from_eia,https://www.openstreetmap.org/way/1256387352
way/1258033750,Speedway Express,34.2751456,-118.7092309,midgrade,5.426,6.276,-0.850,2026-09-21,synthetic_from_eia,https://www.openstreetmap.org/way/1258033750
way/1258033750,Speedway Express,34.2751456,-118.7092309,premium,6.744,6.469,+0.275,2026-09-21,synthetic_from_eia,https://www.openstreetmap.org/way/1258033750
way/1258033750,Speedway Express,34.2751456,-118.7092309,regular,5.730,6.003,-0.273,2026-09-21,synthetic_from_eia,https://www.openstreetmap.org/way/1258033750
way/1263366850,Quik Stop,37.5213946,-120.8763826,midgrade,6.878,6.276,+0.602,2026-09-21,synthetic_from_eia,https://www.openstreetmap.org/way/1263366850
way/1263366850,Quik Stop,37.5213946,-120.8763826,premium,6.828,6.469,+0.359,2026-09-21,synthetic_from_eia,https://www.openstreetmap.org/way/1263366850
way/1263366850,Quik Stop,37.5213946,-120.8763826,regular,6.909,6.003,+0.906,2026-09-21,synthetic_from_eia,https://www.openstreetmap.org/way/1263366850
way/1268032506,Shell,34.1918917,-118.3250199,diesel,7.532,8.246,-0.714,2026-09-21,synthetic_from_eia,https://www.openstreetmap.org/way/1268032506
way/1268032506,Shell,34.1918917,-118.3250199,premium,6.684,6.469,+0.215,2026-09-21,synthetic_from_eia,https://www.openstreetmap.org/way/1268032506
way/1270467894,Sinclair,36.8225897,-119.8079765,diesel,8.809,8.246,+0.563,2026-09-21,synthetic_from_eia,https://www.openstreetmap.org/way/1270467894
way/1270494248,76,36.8225571,-119.8087011,diesel,7.316,8.246,-0.930,2026-09-21,synthetic_from_eia,https://www.openstreetmap.org/way/1270494248
way/1275486912,Kwik Serv,36.8080198,-119.8260714,diesel,7.380,8.246,-0.866,2026-09-21,synthetic_from_eia,https://www.openstreetmap.org/way/1275486912
way/1275486912,Kwik Serv,36.8080198,-119.8260714,midgrade,6.833,6.276,+0.557,2026-09-21,synthetic_from_eia,https://www.openstreetmap.org/way/1275486912
way/1275486912,Kwik Serv,36.8080198,-119.8260714,premium,6.202,6.469,-0.267,2026-09-21,synthetic_from_eia,https://www.openstreetmap.org/way/1275486912
way/1275486912,Kwik Serv,36.8080198,-119.8260714,regular,5.769,6.003,-0.234,2026-09-21,synthetic_from_eia,https://www.openstreetmap.org/way/1275486912
way/1277747349,Arco,34.0543887,-117.6281813,diesel,8.380,8.246,+0.134,2026-09-21,synthetic_from_eia,https://www.openstreetmap.org/way/1277747349
way/1289443695,Cruisers,37.6340547,-120.9950356,diesel,8.456,8.246,+0.210,2026-09-21,synthetic_from_eia,https://www.openstreetmap.org/way/1289443695
way/1289443695,Cruisers,37.6340547,-120.9950356,regular,6.361,6.003,+0.358,2026-09-21,synthetic_from_eia,https://www.openstreetmap.org/way/1289443695
way/1290319179,Arco,37.6359893,-121.0044048,regular,6.901,6.003,+0.898,2026-09-21,synthetic_from_eia,https://www.openstreetmap.org/way/1290319179
way/1290574480,Mobil,36.8088118,-119.7818418,diesel,7.990,8.246,-0.256,2026-09-21,synthetic_from_eia,https://www.openstreetmap.org/way/1290574480
way/1290574481,Mobil,36.8089364,-119.7816464,diesel,8.772,8.246,+0.526,2026-09-21,synthetic_from_eia,https://www.openstreetmap.org/way/1290574481
way/1292225747,Valero,37.6364013,-121.0011834,diesel,8.394,8.246,+0.148,2026-09-21,synthetic_from_eia,https://www.openstreetmap.org/way/1292225747
way/1292225747,Valero,37.6364013,-121.0011834,regular,6.062,6.003,+0.059,2026-09-21,synthetic_from_eia,https://www.openstreetmap.org/way/1292225747
way/1292754444,Shell,34.2108547,-118.3481491,diesel,8.042,8.246,-0.204,2026-09-21,synthetic_from_eia,https://www.openstreetmap.org/way/1292754444
way/1292754444,Shell,34.2108547,-118.3481491,premium,6.768,6.469,+0.299,2026-09-21,synthetic_from_eia,https://www.openstreetmap.org/way/1292754444
way/1292754444,Shell,34.2108547,-118.3481491,regular,5.502,6.003,-0.501,2026-09-21,synthetic_from_eia,https://www.openstreetmap.org/way/1292754444
way/1294785170,Shell,37.6643892,-121.0217789,diesel,7.473,8.246,-0.773,2026-09-21,synthetic_from_eia,https://www.openstreetmap.org/way/1294785170
way/1294785170,Shell,37.6643892,-121.0217789,regular,6.474,6.003,+0.471,2026-09-21,synthetic_from_eia,https://www.openstreetmap.org/way/1294785170
way/1304882609,Pleyto Store Gas station,35.9051868,-120.9859797,diesel,8.244,8.246,-0.002,2026-09-21,synthetic_from_eia,https://www.openstreetmap.org/way/1304882609
way/1304882609,Pleyto Store Gas station,35.9051868,-120.9859797,regular,5.777,6.003,-0.226,2026-09-21,synthetic_from_eia,https://www.openstreetmap.org/way/1304882609
way/1310962192,Tides 76 Station,38.3292133,-123.0437599,diesel,8.369,8.246,+0.123,2026-09-21,synthetic_from_eia,https://www.openstreetmap.org/way/1310962192
way/1310962192,Tides 76 Station,38.3292133,-123.0437599,midgrade,5.800,6.276,-0.476,2026-09-21,synthetic_from_eia,https://www.openstreetmap.org/way/1310962192
way/1310962192,Tides 76 Station,38.3292133,-123.0437599,premium,5.990,6.469,-0.479,2026-09-21,synthetic_from_eia,https://www.openstreetmap.org/way/1310962192
way/1310962192,Tides 76 Station,38.3292133,-123.0437599,regular,5.896,6.003,-0.107,2026-09-21,synthetic_from_eia,https://www.openstreetmap.org/way/1310962192
way/1321756244,Chevron,38.6862253,-120.6680411,diesel,9.239,8.246,+0.993,2026-09-21,synthetic_from_eia,https://www.openstreetmap.org/way/1321756244
way/1321756244,Chevron,38.6862253,-120.6680411,premium,6.040,6.469,-0.429,2026-09-21,synthetic_from_eia,https://www.openstreetmap.org/way/1321756244
way/1321756244,Chevron,38.6862253,-120.6680411,regular,6.836,6.003,+0.833,2026-09-21,synthetic_from_eia,https://www.openstreetmap.org/way/1321756244
way/1329000125,Quik Stop,36.9362370,-121.7435449,diesel,8.228,8.246,-0.018,2026-09-21,synthetic_from_eia,https://www.openstreetmap.org/way/1329000125
way/1329000125,Quik Stop,36.9362370,-121.7435449,midgrade,5.521,6.276,-0.755,2026-09-21,synthetic_from_eia,https://www.openstreetmap.org/way/1329000125
way/1329000125,Quik Stop,36.9362370,-121.7435449,premium,7.175,6.469,+0.706,2026-09-21,synthetic_from_eia,https://www.openstreetmap.org/way/1329000125
way/1329000125,Quik Stop,36.9362370,-121.7435449,regular,5.907,6.003,-0.096,2026-09-21,synthetic_from_eia,https://www.openstreetmap.org/way/1329000125
way/1329311770,7-Eleven,36.9151333,-121.7540077,midgrade,7.073,6.276,+0.797,2026-09-21,synthetic_from_eia,https://www.openstreetmap.org/way/1329311770
way/1329311770,7-Eleven,36.9151333,-121.7540077,premium,6.359,6.469,-0.110,2026-09-21,synthetic_from_eia,https://www.openstreetmap.org/way/1329311770
way/1329311770,7-Eleven,36.9151333,-121.7540077,regular,5.179,6.003,-0.824,2026-09-21,synthetic_from_eia,https://www.openstreetmap.org/way/1329311770
way/1329516075,76,34.1883896,-118.9404272,premium,6.833,6.469,+0.364,2026-09-21,synthetic_from_eia,https://www.openstreetmap.org/way/1329516075
way/1329516075,76,34.1883896,-118.9404272,regular,6.694,6.003,+0.691,2026-09-21,synthetic_from_eia,https://www.openstreetmap.org/way/1329516075
way/1355152792,7-Eleven,33.9690897,-117.6116593,diesel,7.885,8.246,-0.361,2026-09-21,synthetic_from_eia,https://www.openstreetmap.org/way/1355152792
way/1355152792,7-Eleven,33.9690897,-117.6116593,premium,6.164,6.469,-0.305,2026-09-21,synthetic_from_eia,https://www.openstreetmap.org/way/1355152792
way/1355152792,7-Eleven,33.9690897,-117.6116593,regular,5.133,6.003,-0.870,2026-09-21,synthetic_from_eia,https://www.openstreetmap.org/way/1355152792
way/1356409565,76,37.5944721,-120.9664523,diesel,8.330,8.246,+0.084,2026-09-21,synthetic_from_eia,https://www.openstreetmap.org/way/1356409565
way/1356409565,76,37.5944721,-120.9664523,premium,7.252,6.469,+0.783,2026-09-21,synthetic_from_eia,https://www.openstreetmap.org/way/1356409565
way/1356409565,76,37.5944721,-120.9664523,regular,6.706,6.003,+0.703,2026-09-21,synthetic_from_eia,https://www.openstreetmap.org/way/1356409565
way/1382142933,76,37.6582949,-121.0315593,diesel,8.670,8.246,+0.424,2026-09-21,synthetic_from_eia,https://www.openstreetmap.org/way/1382142933
way/1382142933,76,37.6582949,-121.0315593,regular,6.858,6.003,+0.855,2026-09-21,synthetic_from_eia,https://www.openstreetmap.org/way/1382142933
way/1384541420,Arco,34.5462582,-117.3018006,diesel,8.521,8.246,+0.275,2026-09-21,synthetic_from_eia,https://www.openstreetmap.org/way/1384541420
way/1389954961,Costco Gasoline,33.7274994,-117.7965849,premium,7.056,6.469,+0.587,2026-09-21,synthetic_from_eia,https://www.openstreetmap.org/way/1389954961
way/1389954961,Costco Gasoline,33.7274994,-117.7965849,regular,6.021,6.003,+0.018,2026-09-21,synthetic_from_eia,https://www.openstreetmap.org/way/1389954961
way/1394408220,Costco Gasoline,34.2258070,-119.1461655,diesel,7.489,8.246,-0.757,2026-09-21,synthetic_from_eia,https://www.openstreetmap.org/way/1394408220
way/1394408220,Costco Gasoline,34.2258070,-119.1461655,premium,5.871,6.469,-0.598,2026-09-21,synthetic_from_eia,https://www.openstreetmap.org/way/1394408220
way/1394408220,Costco Gasoline,34.2258070,-119.1461655,regular,5.281,6.003,-0.722,2026-09-21,synthetic_from_eia,https://www.openstreetmap.org/way/1394408220
way/1395085586,Chevron,33.6607693,-117.3011149,diesel,8.827,8.246,+0.581,2026-09-21,synthetic_from_eia,https://www.openstreetmap.org/way/1395085586
way/1418745340,Chevron,34.4851561,-117.2885433,diesel,7.299,8.246,-0.947,2026-09-21,synthetic_from_eia,https://www.openstreetmap.org/way/1418745340
way/1420299248,Shell,34.3838686,-117.3193486,diesel,8.354,8.246,+0.108,2026-09-21,synthetic_from_eia,https://www.openstreetmap.org/way/1420299248
way/1420299248,Shell,34.3838686,-117.3193486,premium,6.207,6.469,-0.262,2026-09-21,synthetic_from_eia,https://www.openstreetmap.org/way/1420299248
way/1427899829,Shell,32.7409556,-117.0491136,regular,6.610,6.003,+0.607,2026-09-21,synthetic_from_eia,https://www.openstreetmap.org/way/1427899829
way/1431222469,Chevron,33.8439129,-117.5728714,diesel,8.349,8.246,+0.103,2026-09-21,synthetic_from_eia,https://www.openstreetmap.org/way/1431222469
way/1431549035,76,33.8784324,-117.6500156,diesel,8.470,8.246,+0.224,2026-09-21,synthetic_from_eia,https://www.openstreetmap.org/way/1431549035
way/1444820782,Roadside Oasis,33.7879311,-117.0080289,diesel,7.418,8.246,-0.828,2026-09-21,synthetic_from_eia,https://www.openstreetmap.org/way/1444820782
way/1468510427,Shell,38.2553677,-119.2316096,diesel,7.865,8.246,-0.381,2026-09-21,synthetic_from_eia,https://www.openstreetmap.org/way/1468510427
way/1470147163,Quartz Valley Fuel,41.6002015,-122.9744861,diesel,9.245,8.246,+0.999,2026-09-21,synthetic_from_eia,https://www.openstreetmap.org/way/1470147163
way/1470147163,Quartz Valley Fuel,41.6002015,-122.9744861,regular,6.441,6.003,+0.438,2026-09-21,synthetic_from_eia,https://www.openstreetmap.org/way/1470147163
way/1484472437,Nebo Marine Mart - Gas,34.8732899,-116.9526313,midgrade,6.327,6.276,+0.051,2026-09-21,synthetic_from_eia,https://www.openstreetmap.org/way/1484472437
way/1484472437,Nebo Marine Mart - Gas,34.8732899,-116.9526313,premium,7.007,6.469,+0.538,2026-09-21,synthetic_from_eia,https://www.openstreetmap.org/way/1484472437
way/1484472437,Nebo Marine Mart - Gas,34.8732899,-116.9526313,regular,6.650,6.003,+0.647,2026-09-21,synthetic_from_eia,https://www.openstreetmap.org/way/1484472437
way/1486981757,7-Eleven,34.0656717,-117.3133906,diesel,7.394,8.246,-0.852,2026-09-21,synthetic_from_eia,https://www.openstreetmap.org/way/1486981757
way/1492274945,L&R Petro Star,39.2699144,-121.6590921,diesel,9.191,8.246,+0.945,2026-09-21,synthetic_from_eia,https://www.openstreetmap.org/way/1492274945
way/1492274945,L&R Petro Star,39.2699144,-121.6590921,midgrade,6.561,6.276,+0.285,2026-09-21,synthetic_from_eia,https://www.openstreetmap.org/way/1492274945
way/1492274945,L&R Petro Star,39.2699144,-121.6590921,premium,6.369,6.469,-0.100,2026-09-21,synthetic_from_eia,https://www.openstreetmap.org/way/1492274945
way/1492274945,L&R Petro Star,39.2699144,-121.6590921,regular,6.363,6.003,+0.360,2026-09-21,synthetic_from_eia,https://www.openstreetmap.org/way/1492274945
way/1492747621,VP,34.1037702,-118.3390949,premium,6.158,6.469,-0.311,2026-09-21,synthetic_from_eia,https://www.openstreetmap.org/way/1492747621
way/1496764368,Rocktane Gas Station,39.0495712,-121.5145281,diesel,9.002,8.246,+0.756,2026-09-21,synthetic_from_eia,https://www.openstreetmap.org/way/1496764368
way/1496764368,Rocktane Gas Station,39.0495712,-121.5145281,midgrade,6.837,6.276,+0.561,2026-09-21,synthetic_from_eia,https://www.openstreetmap.org/way/1496764368
way/1496764368,Rocktane Gas Station,39.0495712,-121.5145281,premium,6.749,6.469,+0.280,2026-09-21,synthetic_from_eia,https://www.openstreetmap.org/way/1496764368
way/1496764368,Rocktane Gas Station,39.0495712,-121.5145281,regular,5.367,6.003,-0.636,2026-09-21,synthetic_from_eia,https://www.openstreetmap.org/way/1496764368
way/1498683806,Arco,37.5806007,-120.9382318,diesel,9.179,8.246,+0.933,2026-09-21,synthetic_from_eia,https://www.openstreetmap.org/way/1498683806
way/1498683806,Arco,37.5806007,-120.9382318,premium,6.334,6.469,-0.135,2026-09-21,synthetic_from_eia,https://www.openstreetmap.org/way/1498683806
way/1498683806,Arco,37.5806007,-120.9382318,regular,6.824,6.003,+0.821,2026-09-21,synthetic_from_eia,https://www.openstreetmap.org/way/1498683806
way/1501609658,USA Gasoline,33.9167398,-118.3268614,regular,5.114,6.003,-0.889,2026-09-21,synthetic_from_eia,https://www.openstreetmap.org/way/1501609658
way/1507578775,Chevron,39.0243564,-122.0642965,diesel,7.494,8.246,-0.752,2026-09-21,synthetic_from_eia,https://www.openstreetmap.org/way/1507578775
way/1507578775,Chevron,39.0243564,-122.0642965,regular,5.309,6.003,-0.694,2026-09-21,synthetic_from_eia,https://www.openstreetmap.org/way/1507578775
way/1519514229,Ridgecrest Mini Mart,35.6245032,-117.6703282,diesel,7.575,8.246,-0.671,2026-09-21,synthetic_from_eia,https://www.openstreetmap.org/way/1519514229
way/1519514229,Ridgecrest Mini Mart,35.6245032,-117.6703282,midgrade,5.921,6.276,-0.355,2026-09-21,synthetic_from_eia,https://www.openstreetmap.org/way/1519514229
way/1519514229,Ridgecrest Mini Mart,35.6245032,-117.6703282,premium,6.888,6.469,+0.419,2026-09-21,synthetic_from_eia,https://www.openstreetmap.org/way/1519514229
way/1519514229,Ridgecrest Mini Mart,35.6245032,-117.6703282,regular,5.695,6.003,-0.308,2026-09-21,synthetic_from_eia,https://www.openstreetmap.org/way/1519514229
